date,ta_08,ta_12,ta_18,rn_08,rn_12,rn_18,ws_08,ws_12,ws_18,hm_08,hm_12,hm_18
2018-01-01,-8.0,-2.5,-3.8,0.0,0.0,0.0,0.5,1.0,1.4,39.0,25.0,30.0
2018-01-02,-4.6,-0.3,-2.4,0.0,0.0,0.0,1.4,2.2,1.7,59.0,42.0,32.0
2018-01-03,-12.2,-1.6,-5.0,0.0,0.0,0.0,0.3,1.6,2.1,64.0,25.0,36.0
2018-01-04,-12.7,-0.7,-2.6,0.0,0.0,0.0,0.1,0.4,0.6,70.0,27.0,63.0
2018-01-05,-7.4,0.7,-2.7,0.0,0.0,0.0,0.1,2.9,1.7,77.0,29.0,37.0
2018-01-06,-7.5,1.6,-3.0,0.0,0.0,0.0,1.6,1.3,0.3,51.0,25.0,39.0
2018-01-07,-12.4,3.3,0.8,0.0,0.0,0.0,0.6,0.5,2.3,77.0,22.0,25.0
2018-01-08,-0.2,2.6,0.0,0.0,0.2,0.0,1.2,2.1,2.5,73.0,87.0,65.0
2018-01-09,-8.8,-6.3,-7.4,0.0,0.0,0.0,3.3,2.2,4.6,58.0,49.0,59.0
2018-01-10,-10.0,-8.0,-10.7,0.0,0.0,0.0,2.6,3.7,2.0,47.0,38.0,35.0
2018-01-11,-15.9,-10.7,-12.6,0.0,0.0,0.0,1.6,2.3,2.3,49.0,30.0,43.0
2018-01-12,-17.2,-8.5,-10.4,0.0,0.0,0.0,2.1,1.6,2.0,55.0,23.0,24.0
2018-01-13,-9.4,-3.8,-5.2,0.0,0.0,0.0,1.4,3.5,1.1,70.0,55.0,59.0
2018-01-14,-14.3,2.4,-0.9,0.0,0.0,0.0,0.0,3.5,1.4,84.0,33.0,52.0
2018-01-15,1.8,4.5,1.4,0.0,0.0,0.0,3.1,2.6,1.1,67.0,54.0,48.0
2018-01-16,2.0,5.2,1.2,0.0,0.0,0.0,2.2,1.0,1.8,52.0,42.0,91.0
2018-01-17,0.3,1.6,0.6,0.0,0.6,0.0,0.0,1.0,0.1,98.0,94.0,94.0
2018-01-18,-0.6,2.0,0.6,0.0,0.0,0.0,1.4,1.4,0.7,64.0,44.0,53.0
2018-01-19,-6.0,3.2,-1.0,0.0,0.0,0.0,0.1,2.8,0.3,73.0,19.0,38.0
2018-01-20,-3.3,0.0,-1.1,0.0,0.0,0.0,1.9,1.9,0.7,68.0,57.0,62.0
2018-01-21,-8.8,2.0,-1.4,0.0,0.0,0.0,0.0,2.3,0.7,82.0,25.0,49.0
2018-01-22,-3.0,0.4,-1.0,0.0,0.0,0.0,0.4,2.6,2.6,74.0,64.0,88.0
2018-01-23,-13.9,-11.5,-14.5,0.0,0.0,0.0,1.9,2.3,1.9,40.0,26.0,38.0
2018-01-24,-19.3,-14.0,-15.0,0.0,0.0,0.0,2.4,2.8,0.9,36.0,26.0,27.0
2018-01-25,-19.4,-8.0,-12.4,0.0,0.0,0.0,0.1,1.3,1.2,51.0,19.0,33.0
2018-01-26,-19.3,-11.7,-12.9,0.0,0.0,0.0,2.5,2.2,0.4,41.0,20.0,31.0
2018-01-27,-19.8,-1.8,-3.5,0.0,0.0,0.0,0.0,1.5,1.9,75.0,18.0,23.0
2018-01-28,-7.9,-4.0,-6.7,0.0,0.0,0.0,2.0,2.0,1.6,51.0,29.0,45.0
2018-01-29,-14.0,-9.5,-10.4,0.0,0.0,0.0,2.5,4.8,1.6,45.0,31.0,30.0
2018-01-30,-13.4,-6.8,-6.4,0.0,0.0,0.0,1.4,1.6,2.4,42.0,32.0,54.0
2018-01-31,-5.5,-3.4,-4.3,0.0,0.0,0.0,0.8,2.6,2.1,67.0,40.0,36.0
2018-02-01,-13.2,-1.0,-3.7,0.0,0.0,0.0,0.1,1.2,2.5,64.0,21.0,59.0
2018-02-02,-13.8,0.0,-3.8,0.0,0.0,0.0,0.6,0.7,3.4,83.0,20.0,81.0
2018-02-03,-8.0,-6.3,-9.7,0.0,0.0,0.0,0.4,1.7,2.5,70.0,40.0,33.0
2018-02-04,-16.1,-8.4,-11.2,0.0,0.0,0.0,1.4,1.8,1.6,54.0,28.0,37.0
2018-02-05,-15.8,-10.5,-11.8,0.0,0.0,0.0,2.0,2.6,1.3,46.0,26.0,27.0
2018-02-06,-16.8,-10.5,-12.0,0.0,0.0,0.0,1.5,2.5,0.6,52.0,26.0,33.0
2018-02-07,-18.7,-5.8,-7.9,0.0,0.0,0.0,0.0,2.6,0.4,71.0,23.0,26.0
2018-02-08,-13.6,-2.0,-3.4,0.0,0.0,0.0,1.1,3.4,2.0,59.0,23.0,29.0
2018-02-09,-2.6,3.4,1.4,0.0,0.0,0.0,1.4,4.3,0.9,43.0,49.0,49.0
2018-02-10,-2.0,1.5,-1.1,0.0,0.0,0.0,2.8,3.0,1.7,71.0,48.0,33.0
2018-02-11,-12.4,-8.5,-10.0,0.0,0.0,0.0,1.2,3.9,1.0,39.0,28.0,71.0
2018-02-12,-13.6,-8.0,-9.1,0.0,0.0,0.0,2.4,2.7,2.3,38.0,46.0,63.0
2018-02-13,-9.7,-4.3,-3.4,0.0,0.0,0.0,2.3,3.5,2.5,47.0,32.0,52.0
2018-02-14,-1.1,4.8,4.0,0.0,0.0,0.0,2.3,4.4,3.2,56.0,51.0,56.0
2018-02-15,-4.1,4.1,1.3,0.0,0.0,0.0,0.8,1.2,1.4,74.0,9.0,20.0
2018-02-16,-7.4,2.9,-0.1,0.0,0.0,0.0,0.3,2.9,1.7,44.0,14.0,23.0
2018-02-17,-8.3,-2.6,-2.9,0.0,0.0,0.0,1.1,2.8,1.3,36.0,17.0,18.0
2018-02-18,-8.1,2.1,-0.3,0.0,0.0,0.0,0.0,0.6,0.9,40.0,18.0,32.0
2018-02-19,-5.0,4.7,2.8,0.0,0.0,0.0,0.4,3.4,1.1,66.0,20.0,26.0
2018-02-20,-7.7,3.0,1.3,0.0,0.0,0.0,0.2,1.8,1.5,69.0,28.0,30.0
2018-02-21,-9.0,-1.9,-2.0,0.0,0.0,0.0,0.1,1.4,1.0,53.0,28.0,21.0
2018-02-22,-5.5,-0.1,-1.0,0.0,0.0,0.0,1.1,2.3,1.4,59.0,27.0,43.0
2018-02-23,-2.4,1.7,0.7,0.0,0.0,0.1,1.8,1.7,2.6,67.0,53.0,84.0
2018-02-24,0.1,1.5,-2.9,0.0,0.0,0.0,0.7,4.4,2.4,63.0,61.0,92.0
2018-02-25,-0.3,4.1,3.3,0.0,0.0,0.0,0.6,2.2,0.6,87.0,43.0,33.0
2018-02-26,-7.3,3.6,0.5,0.0,0.0,0.0,0.2,1.2,2.7,77.0,42.0,76.0
2018-02-27,3.3,7.1,6.0,0.0,0.0,0.0,1.5,2.7,1.1,29.0,29.0,39.0
2018-02-28,1.4,1.7,0.3,0.0,0.6,10.5,0.4,0.1,3.5,87.0,95.0,97.0
2018-03-01,0.7,-0.1,-3.4,0.0,0.0,0.0,2.2,3.8,2.0,85.0,57.0,51.0
2018-03-02,-11.2,2.9,2.1,0.0,0.0,0.0,0.5,2.6,2.7,80.0,37.0,36.0
2018-03-03,-1.8,9.8,9.2,0.0,0.0,0.0,0.4,3.8,1.4,57.0,46.0,46.0
2018-03-04,7.9,11.0,9.6,0.0,0.0,0.0,1.9,1.2,0.9,85.0,71.0,77.0
2018-03-05,-2.0,-1.9,-3.6,0.0,1.7,0.3,3.6,3.5,2.3,91.0,89.0,88.0
2018-03-06,-7.8,1.7,-0.8,0.0,0.0,0.0,0.4,4.9,1.4,92.0,68.0,87.0
2018-03-07,-1.0,0.1,-0.8,0.0,0.0,0.0,1.9,1.8,1.0,85.0,82.0,88.0
2018-03-08,-2.0,-0.6,-0.6,0.0,2.8,0.0,0.0,0.6,4.4,96.0,92.0,88.0
2018-03-09,-3.2,-2.2,-2.1,0.0,0.0,0.0,2.4,3.8,1.7,94.0,82.0,93.0
2018-03-10,-5.6,5.4,4.2,0.0,0.0,0.0,0.4,0.9,3.0,97.0,45.0,45.0
2018-03-11,0.7,5.8,6.1,0.0,0.0,0.0,1.3,1.8,2.4,57.0,34.0,42.0
2018-03-12,-2.2,12.3,10.9,0.0,0.0,0.0,0.6,2.1,3.6,75.0,14.0,35.0
2018-03-13,8.0,12.9,12.8,0.0,0.0,0.0,4.1,4.0,2.6,65.0,49.0,50.0
2018-03-14,11.1,16.4,15.5,0.0,0.0,0.0,5.8,3.5,0.8,68.0,47.0,52.0
2018-03-15,11.3,12.6,11.0,0.0,0.0,0.3,3.4,2.5,0.1,86.0,85.0,97.0
2018-03-16,-3.6,-3.4,-4.0,0.0,0.0,0.0,2.0,2.1,2.2,90.0,88.0,80.0
2018-03-17,-7.7,6.0,8.8,0.0,0.0,0.0,0.2,0.7,0.8,87.0,51.0,25.0
2018-03-18,2.7,9.6,9.6,0.0,0.0,0.0,0.0,1.2,2.1,74.0,28.0,40.0
2018-03-19,4.2,1.8,-0.2,0.0,5.9,2.3,1.8,2.8,0.0,96.0,94.0,94.0
2018-03-20,-2.2,-2.3,-4.3,0.0,0.0,0.0,3.1,4.4,3.8,72.0,69.0,83.0
2018-03-21,-3.9,-2.5,-2.9,0.0,1.9,2.6,4.7,3.6,4.7,92.0,88.0,89.0
2018-03-22,-3.5,6.8,3.8,0.0,0.0,0.0,0.1,0.9,1.7,72.0,21.0,50.0
2018-03-23,-2.8,9.2,8.2,0.0,0.0,0.0,0.0,0.6,0.8,89.0,33.0,34.0
2018-03-24,3.6,9.0,8.3,0.0,0.0,0.0,1.4,3.8,0.9,48.0,46.0,49.0
2018-03-25,4.6,14.5,12.6,0.0,0.0,0.0,0.5,1.4,1.9,59.0,24.0,25.0
2018-03-26,10.6,15.5,14.5,0.0,0.0,0.0,3.0,3.2,1.6,37.0,30.0,37.0
2018-03-27,11.3,15.7,15.4,0.0,0.0,0.0,2.3,3.6,1.8,44.0,38.0,47.0
2018-03-28,11.8,17.0,16.1,0.0,0.0,0.0,4.3,1.9,3.4,47.0,27.0,45.0
2018-03-29,12.4,11.4,8.6,0.0,0.0,0.0,0.6,4.6,2.4,51.0,66.0,56.0
2018-03-30,2.5,12.7,11.2,0.0,0.0,0.0,0.1,2.8,1.7,61.0,36.0,52.0
2018-03-31,9.4,19.1,17.0,0.0,0.0,0.0,0.5,4.2,3.3,71.0,32.0,41.0
2018-04-01,12.7,16.6,15.4,0.0,0.0,0.0,0.9,2.3,3.0,55.0,55.0,64.0
2018-04-02,13.8,19.7,18.8,0.0,0.0,0.0,0.7,4.8,2.6,62.0,39.0,43.0
2018-04-03,15.0,20.6,19.8,0.0,0.0,0.0,0.8,1.9,1.0,64.0,44.0,43.0
2018-04-04,3.4,2.5,1.2,6.5,0.0,0.0,1.3,2.0,1.8,94.0,95.0,98.0
2018-04-05,1.9,1.9,2.2,0.0,0.0,0.9,1.0,2.6,2.6,92.0,93.0,98.0
2018-04-06,4.4,7.6,2.1,0.4,0.0,0.0,0.2,0.7,2.8,99.0,59.0,67.0
2018-04-07,-1.6,-1.1,1.5,0.0,0.0,0.0,1.8,1.9,1.9,78.0,59.0,34.0
2018-04-08,-0.8,3.9,6.4,0.0,0.0,0.0,1.7,5.1,3.4,51.0,36.0,36.0
2018-04-09,4.8,9.7,10.9,0.0,0.0,0.0,1.2,2.1,2.4,59.0,22.0,33.0
2018-04-10,14.1,18.0,15.9,0.0,0.0,0.0,4.4,3.7,4.8,22.0,23.0,43.0
2018-04-11,12.4,14.9,12.6,0.0,0.0,0.0,2.0,3.1,2.0,60.0,33.0,26.0
2018-04-12,11.1,15.9,15.3,0.0,0.0,0.0,2.4,2.1,3.2,30.0,21.0,14.0
2018-04-13,5.4,11.4,8.8,0.0,0.0,0.0,0.3,1.8,0.6,45.0,31.0,55.0
2018-04-14,3.0,4.5,5.8,2.6,2.2,0.0,0.2,2.2,0.9,96.0,96.0,99.0
2018-04-15,5.1,10.4,8.9,0.0,0.0,0.0,2.4,1.8,1.4,60.0,47.0,58.0
2018-04-16,2.5,11.7,10.1,0.0,0.0,0.0,0.6,2.0,1.0,80.0,42.0,58.0
2018-04-17,4.9,15.7,13.7,0.0,0.0,0.0,0.1,1.3,4.4,85.0,33.0,50.0
2018-04-18,10.6,19.1,17.8,0.0,0.0,0.0,1.0,2.7,3.1,39.0,14.0,23.0
2018-04-19,13.7,20.5,19.4,0.0,0.0,0.0,1.7,2.6,0.8,17.0,8.0,33.0
2018-04-20,11.5,25.5,25.4,0.0,0.0,0.0,0.4,3.7,1.9,64.0,20.0,22.0
2018-04-21,20.6,26.8,25.0,0.0,0.0,0.0,2.3,3.7,0.8,34.0,12.0,19.0
2018-04-22,14.6,16.2,7.9,0.0,0.0,0.0,2.3,4.6,1.3,38.0,37.0,83.0
2018-04-23,4.5,5.3,5.8,5.5,3.9,1.6,2.1,1.1,1.2,95.0,95.0,95.0
2018-04-24,5.8,6.0,5.3,1.7,0.3,0.0,2.8,2.5,4.8,96.0,97.0,74.0
2018-04-25,5.3,13.2,13.8,0.0,0.0,0.0,0.4,3.9,3.5,63.0,24.0,29.0
2018-04-26,8.4,20.8,17.5,0.0,0.0,0.0,0.1,1.9,1.6,64.0,24.0,33.0
2018-04-27,12.8,12.7,12.1,0.0,0.0,0.0,1.7,5.3,2.7,51.0,49.0,48.0
2018-04-28,13.8,21.4,19.6,0.0,0.0,0.0,0.2,4.1,0.7,58.0,20.0,23.0
2018-04-29,17.0,22.8,19.9,0.0,0.0,0.0,1.8,3.2,2.9,35.0,29.0,33.0
2018-04-30,16.5,23.2,20.1,0.0,0.0,0.0,1.8,3.9,1.7,36.0,32.0,36.0
2018-05-01,13.2,23.4,16.8,0.0,0.0,0.0,0.3,4.7,2.7,71.0,38.0,74.0
2018-05-02,9.4,9.6,13.6,1.7,0.2,0.0,1.7,2.0,2.3,97.0,97.0,94.0
2018-05-03,7.9,11.5,6.3,0.0,0.0,0.1,2.9,4.0,1.7,68.0,48.0,82.0
2018-05-04,9.3,14.7,14.0,0.0,0.0,0.0,1.7,3.4,3.0,45.0,36.0,32.0
2018-05-05,14.5,20.7,18.5,0.0,0.0,0.0,1.2,1.9,3.0,46.0,38.0,36.0
2018-05-06,11.3,11.9,12.2,2.9,2.6,0.0,1.3,2.4,0.0,97.0,96.0,96.0
2018-05-07,10.8,14.8,16.0,0.0,0.0,0.0,0.2,0.8,1.2,96.0,78.0,59.0
2018-05-08,8.8,7.7,6.5,0.0,0.0,0.0,2.0,3.1,2.8,94.0,96.0,95.0
2018-05-09,5.2,6.9,5.3,0.0,0.0,0.0,1.4,2.3,2.4,93.0,84.0,98.0
2018-05-10,8.7,17.5,17.2,0.0,0.0,0.0,0.9,2.8,1.5,99.0,38.0,48.0
2018-05-11,16.2,22.5,19.3,0.0,0.0,0.0,1.8,3.3,1.5,29.0,28.0,35.0
2018-05-12,11.0,13.7,14.0,0.3,1.3,0.3,0.0,1.2,2.7,91.0,95.0,93.0
2018-05-13,15.2,20.8,18.3,0.0,0.0,0.0,1.6,1.2,2.0,76.0,55.0,57.0
2018-05-14,15.4,23.8,21.6,0.0,0.0,0.0,1.0,1.8,3.6,74.0,36.0,42.0
2018-05-15,19.1,28.5,26.1,0.0,0.0,0.0,2.1,2.7,1.7,58.0,23.0,21.0
2018-05-16,21.5,21.9,22.7,0.0,0.0,0.1,4.3,5.3,2.4,79.0,81.0,84.0
2018-05-17,24.3,24.5,21.7,0.0,0.0,0.0,4.5,2.7,2.5,71.0,73.0,84.0
2018-05-18,10.1,8.7,6.9,0.8,0.8,0.2,3.8,3.4,1.9,99.0,97.0,99.0
2018-05-19,7.3,12.0,13.1,0.0,0.0,0.0,3.4,2.5,2.5,85.0,67.0,62.0
2018-05-20,10.5,14.1,10.3,0.0,0.0,0.0,0.3,3.8,2.5,67.0,54.0,79.0
2018-05-21,6.7,15.8,15.2,0.0,0.0,0.0,0.1,1.1,2.5,80.0,64.0,77.0
2018-05-22,12.4,20.1,17.6,0.0,0.0,0.0,0.1,4.1,1.7,76.0,42.0,60.0
2018-05-23,16.0,21.0,15.9,0.0,0.0,0.0,1.4,3.5,3.2,71.0,36.0,54.0
2018-05-24,18.4,22.0,20.7,0.0,0.0,0.0,1.7,3.9,2.8,33.0,39.0,46.0
2018-05-25,19.2,25.3,22.7,0.0,0.0,0.0,1.6,2.5,1.3,32.0,23.0,35.0
2018-05-26,16.6,24.7,19.2,0.0,0.0,0.0,0.3,1.4,2.7,60.0,34.0,65.0
2018-05-27,18.7,22.9,21.2,0.0,0.0,0.0,0.7,3.0,0.8,51.0,38.0,44.0
2018-05-28,17.5,23.3,23.7,0.0,0.0,0.0,0.4,2.3,3.1,64.0,46.0,47.0
2018-05-29,18.1,24.0,23.2,0.0,0.0,0.0,0.5,3.0,1.6,78.0,53.0,56.0
2018-05-30,15.3,17.2,20.5,0.0,2.8,0.0,0.4,1.6,1.9,87.0,90.0,55.0
2018-05-31,15.7,20.4,19.8,0.0,0.0,0.0,0.9,4.2,3.2,68.0,56.0,48.0
2018-06-01,17.3,25.3,24.5,0.0,0.0,0.0,0.5,3.6,3.2,69.0,39.0,34.0
2018-06-02,20.2,27.8,26.7,0.0,0.0,0.0,0.1,1.5,1.3,70.0,31.0,33.0
2018-06-03,19.3,27.9,25.7,0.0,0.0,0.0,0.6,3.6,1.0,55.0,23.0,23.0
2018-06-04,15.7,26.1,22.7,0.0,0.0,0.0,0.2,1.2,0.7,69.0,35.0,44.0
2018-06-05,15.0,22.0,22.6,0.0,0.0,0.0,0.1,3.0,2.5,95.0,54.0,61.0
2018-06-06,17.7,26.5,26.9,0.0,0.0,0.0,0.0,1.1,1.0,80.0,38.0,50.0
2018-06-07,19.7,29.9,27.8,0.0,0.0,0.0,0.5,2.9,2.0,65.0,28.0,38.0
2018-06-08,22.6,26.7,19.5,0.0,0.0,0.0,1.3,1.9,2.3,50.0,32.0,69.0
2018-06-09,15.0,18.2,15.6,0.0,0.0,0.0,1.9,3.1,1.7,83.0,70.0,82.0
2018-06-10,12.7,15.3,13.2,0.2,0.0,0.0,0.7,2.1,2.8,98.0,84.0,94.0
2018-06-11,11.4,11.8,12.4,0.3,0.3,0.0,1.8,1.8,2.8,98.0,91.0,91.0
2018-06-12,12.4,17.0,13.5,0.0,0.0,0.0,1.8,4.8,1.9,86.0,70.0,82.0
2018-06-13,14.1,17.5,14.3,0.0,0.0,0.0,0.7,1.3,1.9,79.0,75.0,96.0
2018-06-14,14.4,17.2,15.4,0.0,0.0,0.0,2.4,1.4,0.8,89.0,79.0,82.0
2018-06-15,12.5,14.4,13.3,0.0,0.0,0.0,1.9,2.9,2.7,87.0,74.0,81.0
2018-06-16,11.7,19.7,18.0,0.0,0.0,0.0,0.7,3.2,2.5,81.0,56.0,71.0
2018-06-17,16.2,23.5,25.5,0.0,0.0,0.0,0.3,2.0,0.6,68.0,47.0,40.0
2018-06-18,18.0,27.1,27.0,0.0,0.0,0.0,0.3,1.1,1.7,70.0,37.0,34.0
2018-06-19,19.4,24.5,20.4,0.0,0.0,0.0,0.2,3.3,1.4,75.0,58.0,60.0
2018-06-20,20.2,25.1,24.3,0.0,0.0,0.0,1.5,1.4,1.5,65.0,42.0,44.0
2018-06-21,20.0,24.2,22.5,0.0,0.0,0.0,1.9,2.7,3.2,47.0,35.0,49.0
2018-06-22,22.8,27.1,25.4,0.0,0.0,0.0,2.5,1.1,3.0,42.0,29.0,38.0
2018-06-23,18.8,24.9,26.3,0.0,0.0,0.0,0.6,1.8,1.0,60.0,35.0,40.0
2018-06-24,24.9,29.0,28.4,0.0,0.0,0.0,1.1,2.4,1.5,45.0,32.0,39.0
2018-06-25,22.8,28.2,27.7,0.0,0.0,0.0,0.1,1.1,2.3,57.0,42.0,47.0
2018-06-26,18.7,18.3,22.7,0.0,10.2,0.3,0.3,0.4,5.2,85.0,97.0,88.0
2018-06-27,21.8,26.4,26.4,0.0,0.0,0.0,1.9,2.1,1.5,74.0,57.0,50.0
2018-06-28,20.5,24.6,22.5,0.0,0.0,0.0,0.8,3.7,2.0,80.0,64.0,73.0
2018-06-29,21.2,24.8,25.3,0.0,0.0,0.0,1.9,1.3,1.5,81.0,62.0,65.0
2018-06-30,21.0,23.4,22.7,0.0,0.0,0.0,0.1,2.5,3.5,94.0,76.0,75.0
2018-07-01,17.7,20.6,24.6,4.9,6.9,0.0,0.9,0.7,2.2,98.0,99.0,74.0
2018-07-02,18.7,22.0,20.6,3.5,0.0,2.6,2.0,3.0,2.9,98.0,88.0,97.0
2018-07-03,21.6,22.5,20.4,0.0,1.0,0.2,2.0,2.3,1.9,92.0,87.0,94.0
2018-07-04,20.7,25.3,20.2,0.0,0.0,0.0,2.3,2.4,2.0,90.0,70.0,99.0
2018-07-05,18.6,19.5,18.1,0.0,0.0,0.0,0.0,2.0,2.0,98.0,94.0,96.0
2018-07-06,16.1,16.9,14.8,0.7,0.1,0.2,2.0,3.1,1.8,98.0,92.0,96.0
2018-07-07,13.5,13.7,13.7,0.3,0.0,0.0,1.8,2.4,2.7,96.0,92.0,84.0
2018-07-08,12.3,15.8,13.6,0.0,0.0,0.0,2.2,0.8,2.5,89.0,80.0,97.0
2018-07-09,14.6,15.6,15.7,0.0,1.5,0.3,0.3,0.8,0.4,98.0,96.0,98.0
2018-07-10,21.2,25.2,25.2,0.0,0.0,0.0,0.8,3.8,2.3,92.0,71.0,75.0
2018-07-11,22.1,24.4,24.1,0.0,0.0,0.0,0.7,1.5,1.2,98.0,83.0,88.0
2018-07-12,27.0,29.2,27.5,0.0,0.0,0.0,3.2,2.7,1.9,67.0,60.0,62.0
2018-07-13,24.9,28.5,27.6,0.0,0.0,0.0,0.9,1.4,2.8,71.0,59.0,65.0
2018-07-14,26.0,32.1,29.7,0.0,0.0,0.0,1.8,2.1,1.8,69.0,44.0,52.0
2018-07-15,26.2,30.9,30.1,0.0,0.0,0.0,0.8,3.5,1.3,66.0,45.0,56.0
2018-07-16,26.0,32.4,29.8,0.0,0.0,0.0,1.3,2.8,1.8,69.0,44.0,52.0
2018-07-17,27.0,30.5,28.3,0.0,0.0,0.0,1.0,2.8,2.6,65.0,54.0,61.0
2018-07-18,25.3,31.3,30.1,0.0,0.0,0.0,0.5,2.4,1.1,67.0,46.0,56.0
2018-07-19,25.4,32.0,30.7,0.0,0.0,0.0,0.5,2.6,1.3,73.0,44.0,53.0
2018-07-20,25.1,32.1,31.2,0.0,0.0,0.0,0.9,2.8,1.0,72.0,45.0,48.0
2018-07-21,27.3,32.3,32.5,0.0,0.0,0.0,0.4,2.6,0.9,76.0,49.0,54.0
2018-07-22,26.2,32.4,31.1,0.0,0.0,0.0,0.5,2.2,1.6,77.0,51.0,63.0
2018-07-23,27.7,32.1,25.2,0.0,0.0,0.0,0.2,2.1,0.4,67.0,56.0,89.0
2018-07-24,24.7,32.8,30.5,0.0,0.0,0.0,0.7,1.8,1.5,84.0,50.0,69.0
2018-07-25,27.1,32.2,29.5,0.0,0.0,0.0,0.8,2.0,2.1,79.0,54.0,74.0
2018-07-26,26.9,32.6,29.2,0.0,0.0,0.0,2.1,1.1,2.2,70.0,50.0,74.0
2018-07-27,26.6,31.6,27.5,0.0,0.0,0.4,0.5,3.0,1.8,80.0,59.0,78.0
2018-07-28,25.0,26.8,24.8,0.0,0.0,0.0,0.4,2.5,1.8,85.0,72.0,84.0
2018-07-29,22.7,24.6,21.9,0.4,0.0,0.0,3.5,5.2,5.7,94.0,74.0,90.0
2018-07-30,22.7,25.6,25.5,0.1,0.0,0.0,2.5,2.4,2.3,94.0,80.0,77.0
2018-07-31,22.3,29.4,28.9,0.0,0.0,0.0,0.7,3.0,2.4,83.0,59.0,68.0
2018-08-01,24.0,32.1,28.7,0.0,0.0,0.0,0.5,2.5,2.8,83.0,45.0,60.0
2018-08-02,22.8,31.7,27.9,0.0,0.0,0.0,0.6,1.6,1.9,75.0,51.0,81.0
2018-08-03,24.6,33.1,29.5,0.0,0.0,0.0,0.0,1.7,1.7,84.0,46.0,74.0
2018-08-04,27.7,32.9,32.0,0.0,0.0,0.0,0.4,2.7,1.2,75.0,51.0,54.0
2018-08-05,26.7,30.2,29.8,0.0,0.0,0.0,1.2,2.2,3.0,66.0,55.0,63.0
2018-08-06,23.4,25.2,23.0,0.0,0.0,1.9,0.2,2.5,2.8,88.0,86.0,95.0
2018-08-07,22.7,26.1,24.4,0.0,0.0,0.0,0.1,1.8,1.3,92.0,81.0,94.0
2018-08-08,24.7,30.8,23.8,0.0,0.0,1.1,0.5,1.9,1.9,89.0,68.0,95.0
2018-08-09,22.2,29.5,23.1,0.0,0.0,11.7,0.4,1.1,0.7,95.0,61.0,97.0
2018-08-10,22.0,23.9,22.3,0.2,0.0,0.0,0.0,3.3,1.9,98.0,90.0,96.0
2018-08-11,21.2,23.5,23.0,0.0,0.1,0.0,1.0,1.3,1.3,95.0,87.0,89.0
2018-08-12,21.6,26.8,26.9,0.0,0.0,0.0,0.3,2.5,1.6,91.0,72.0,75.0
2018-08-13,25.5,30.8,29.7,0.0,0.0,0.0,0.5,1.6,1.2,81.0,57.0,75.0
2018-08-14,24.6,30.9,24.9,0.0,0.0,0.0,0.6,1.7,0.5,86.0,60.0,90.0
2018-08-15,22.6,29.7,26.1,0.0,0.0,0.0,0.6,3.3,2.3,82.0,60.0,80.0
2018-08-16,22.5,21.1,19.3,9.1,1.4,0.0,4.5,3.1,1.8,96.0,95.0,80.0
2018-08-17,18.0,19.1,19.1,0.0,0.0,0.0,2.2,1.8,1.6,83.0,82.0,78.0
2018-08-18,17.8,22.4,22.5,0.0,0.0,0.0,0.7,1.6,4.0,76.0,58.0,71.0
2018-08-19,16.4,25.5,21.6,0.0,0.0,0.0,0.8,2.1,1.9,94.0,55.0,87.0
2018-08-20,18.5,26.9,24.6,0.0,0.0,0.0,0.7,2.6,2.0,90.0,57.0,75.0
2018-08-21,23.7,28.7,26.0,0.0,0.0,0.0,5.1,5.0,1.4,57.0,54.0,64.0
2018-08-22,23.8,28.8,26.4,0.0,0.0,0.0,2.3,3.7,2.1,81.0,62.0,69.0
2018-08-23,23.0,24.5,22.7,0.1,0.0,0.0,1.8,2.3,1.8,89.0,84.0,93.0
2018-08-24,22.9,25.4,23.5,7.5,0.3,0.0,1.6,4.1,1.9,99.0,86.0,78.0
2018-08-25,20.2,24.6,23.1,0.0,0.0,0.0,1.6,2.8,2.2,73.0,56.0,58.0
2018-08-26,15.5,17.2,16.4,0.0,0.1,1.7,1.1,2.1,0.2,96.0,85.0,97.0
2018-08-27,20.4,22.2,22.3,0.0,1.0,0.0,0.2,4.5,2.1,99.0,93.0,94.0
2018-08-28,18.0,20.1,20.9,6.8,0.4,3.3,0.2,0.1,1.1,99.0,97.0,99.0
2018-08-29,23.0,27.0,24.2,0.0,0.0,0.0,1.4,1.7,2.2,78.0,66.0,83.0
2018-08-30,23.0,25.2,23.9,0.0,0.0,0.0,2.3,2.5,2.9,86.0,74.0,82.0
2018-08-31,16.8,21.1,21.3,2.6,0.0,0.0,2.5,1.1,3.0,99.0,84.0,79.0
2018-09-01,17.5,19.4,17.8,0.6,0.0,0.0,0.8,2.6,2.1,95.0,87.0,85.0
2018-09-02,15.1,22.5,17.9,0.0,0.0,0.1,0.5,2.1,0.5,86.0,62.0,96.0
2018-09-03,19.9,22.4,22.7,0.0,2.0,0.0,1.6,2.9,2.8,99.0,93.0,87.0
2018-09-04,17.4,23.5,22.0,0.5,0.0,0.0,0.8,3.5,1.8,96.0,59.0,66.0
2018-09-05,19.2,21.7,21.1,0.0,0.0,0.0,1.9,3.2,2.5,60.0,52.0,55.0
2018-09-06,20.2,23.5,20.8,0.0,0.0,0.0,1.3,1.9,0.2,65.0,55.0,70.0
2018-09-07,16.3,20.1,18.7,0.0,0.0,0.0,1.3,2.8,1.0,82.0,58.0,63.0
2018-09-08,12.5,20.7,17.9,0.0,0.0,0.0,0.2,3.1,1.7,93.0,58.0,75.0
2018-09-09,11.2,20.5,16.9,0.0,0.0,0.0,0.4,3.2,2.0,81.0,59.0,80.0
2018-09-10,14.6,16.5,15.1,0.0,0.0,0.0,0.3,4.0,2.1,93.0,69.0,72.0
2018-09-11,14.1,17.0,15.0,0.0,0.0,0.0,1.9,3.9,1.6,88.0,66.0,76.0
2018-09-12,14.5,15.5,15.7,0.0,0.0,0.0,2.4,1.6,1.8,88.0,91.0,93.0
2018-09-13,13.9,18.5,18.2,0.0,0.0,0.0,0.3,2.4,0.0,97.0,84.0,87.0
2018-09-14,13.9,17.4,17.0,0.0,0.0,0.2,0.2,0.4,0.6,98.0,99.0,99.0
2018-09-15,16.1,19.4,19.4,0.0,0.0,0.0,0.8,2.6,1.7,99.0,90.0,98.0
2018-09-16,19.5,20.9,19.5,0.0,0.0,0.0,1.0,0.9,0.7,83.0,73.0,79.0
2018-09-17,16.8,23.4,20.4,0.0,0.0,0.0,0.3,1.4,1.1,98.0,47.0,56.0
2018-09-18,12.3,23.1,17.8,0.0,0.0,0.0,0.2,0.9,2.9,90.0,49.0,79.0
2018-09-19,14.3,22.7,18.7,0.0,0.0,0.0,0.4,1.5,1.8,91.0,53.0,88.0
2018-09-20,14.5,15.3,15.0,2.4,0.9,0.6,1.2,1.3,0.9,99.0,95.0,94.0
2018-09-21,15.0,14.7,14.7,3.6,4.3,0.0,1.7,1.1,1.3,99.0,97.0,96.0
2018-09-22,14.9,20.1,18.0,0.0,0.0,0.0,0.3,4.3,1.9,93.0,55.0,59.0
2018-09-23,11.1,21.8,18.1,0.0,0.0,0.0,0.2,3.9,2.9,81.0,30.0,66.0
2018-09-24,12.7,17.4,14.4,0.0,0.0,0.0,1.7,2.6,0.3,62.0,41.0,61.0
2018-09-25,7.4,16.2,13.4,0.0,0.0,0.0,0.3,3.3,2.8,93.0,52.0,77.0
2018-09-26,10.9,12.6,12.4,0.0,0.0,0.0,0.5,1.0,1.8,93.0,84.0,77.0
2018-09-27,11.5,14.1,12.5,0.1,0.0,0.0,1.7,3.7,2.4,95.0,74.0,70.0
2018-09-28,7.1,15.2,12.8,0.0,0.0,0.0,0.3,2.0,0.8,97.0,75.0,86.0
2018-09-29,11.0,16.8,14.4,0.0,0.0,0.0,0.5,2.0,0.4,95.0,72.0,88.0
2018-09-30,12.8,19.9,16.5,0.0,0.0,0.0,0.3,2.1,1.5,99.0,65.0,58.0
2018-10-01,10.6,13.8,11.9,0.0,0.0,0.0,3.0,2.6,1.5,52.0,47.0,61.0
2018-10-02,6.9,17.9,13.4,0.0,0.0,0.0,0.5,2.3,1.1,89.0,41.0,61.0
2018-10-03,6.4,18.7,14.4,0.0,0.0,0.0,0.3,1.5,0.9,92.0,42.0,75.0
2018-10-04,11.2,17.0,14.2,0.0,0.0,0.0,0.3,2.9,0.4,92.0,72.0,96.0
2018-10-05,13.7,13.9,13.8,2.8,6.1,8.2,0.3,2.7,1.9,99.0,97.0,98.0
2018-10-06,15.1,15.1,16.4,14.0,9.0,0.0,4.4,4.2,2.8,97.0,96.0,82.0
2018-10-07,13.3,20.7,16.3,0.0,0.0,0.0,0.5,2.1,2.3,99.0,49.0,60.0
2018-10-08,7.5,16.2,11.1,0.0,0.0,0.0,0.5,2.4,0.8,68.0,36.0,62.0
2018-10-09,6.5,15.4,13.3,0.0,0.0,0.0,0.2,1.5,0.3,89.0,45.0,68.0
2018-10-10,12.7,13.9,9.1,0.0,0.0,0.0,2.7,2.1,2.9,69.0,47.0,56.0
2018-10-11,6.3,9.7,7.0,0.0,0.0,0.0,1.2,3.3,0.7,39.0,36.0,49.0
2018-10-12,1.7,12.9,8.9,0.0,0.0,0.0,0.4,1.9,0.4,83.0,38.0,80.0
2018-10-13,2.9,14.4,11.2,0.0,0.0,0.0,0.4,1.9,1.1,96.0,47.0,75.0
2018-10-14,3.0,15.8,12.0,0.0,0.0,0.0,0.2,2.5,0.6,99.0,38.0,45.0
2018-10-15,6.7,16.7,12.2,0.0,0.0,0.0,0.6,2.5,0.2,87.0,31.0,67.0
2018-10-16,5.2,12.6,11.0,0.0,0.0,0.0,0.1,3.6,0.9,96.0,55.0,86.0
2018-10-17,8.3,11.4,8.9,0.0,0.0,1.4,0.3,2.8,0.7,92.0,77.0,97.0
2018-10-18,7.9,8.2,7.1,0.3,0.8,1.4,2.8,4.2,4.8,96.0,91.0,91.0
2018-10-19,7.8,10.2,7.7,0.0,0.0,0.0,2.8,2.4,0.3,74.0,69.0,84.0
2018-10-20,1.0,15.6,10.6,0.0,0.0,0.0,0.2,1.7,0.4,99.0,22.0,73.0
2018-10-21,0.6,16.6,11.4,0.0,0.0,0.0,0.4,1.3,0.6,96.0,29.0,69.0
2018-10-22,3.5,17.5,13.0,0.0,0.0,0.0,0.0,2.3,0.8,93.0,31.0,57.0
2018-10-23,10.3,16.3,11.0,0.0,0.0,0.0,1.5,2.8,2.5,65.0,51.0,69.0
2018-10-24,4.6,16.0,9.9,0.0,0.0,0.0,0.1,1.6,1.0,83.0,26.0,61.0
2018-10-25,1.6,16.2,12.0,0.0,0.0,0.0,0.4,0.6,0.6,88.0,22.0,62.0
2018-10-26,8.9,13.8,10.5,0.2,0.0,1.1,1.1,4.1,2.9,90.0,53.0,89.0
2018-10-27,5.4,7.6,4.5,0.0,0.0,0.0,3.4,4.9,2.7,61.0,44.0,55.0
2018-10-28,4.3,7.6,6.5,0.0,0.0,3.1,1.8,3.3,2.1,76.0,72.0,92.0
2018-10-29,3.4,9.1,5.7,0.0,0.0,0.0,1.5,0.8,3.1,75.0,54.0,63.0
2018-10-30,-0.6,8.5,4.8,0.0,0.0,0.0,0.7,1.7,0.7,81.0,30.0,47.0
2018-10-31,2.8,9.4,5.5,0.0,0.0,0.0,1.2,1.9,0.2,65.0,28.0,56.0
2018-11-01,-2.5,11.7,6.9,0.0,0.0,0.0,0.2,1.9,0.3,84.0,30.0,64.0
2018-11-02,-1.5,14.1,8.6,0.0,0.0,0.0,0.2,1.2,0.4,92.0,30.0,61.0
2018-11-03,-0.6,16.8,10.8,0.0,0.0,0.0,0.4,1.5,0.6,91.0,23.0,38.0
2018-11-04,0.1,18.9,10.4,0.0,0.0,0.0,0.3,1.9,0.7,77.0,13.0,52.0
2018-11-05,1.2,14.7,10.1,0.0,0.0,0.0,0.2,1.0,2.5,92.0,51.0,87.0
2018-11-06,4.6,14.8,10.7,0.0,0.0,0.0,0.0,1.7,1.0,99.0,53.0,88.0
2018-11-07,8.5,10.1,9.3,0.0,1.3,0.5,0.1,0.3,0.4,99.0,91.0,99.0
2018-11-08,9.9,10.2,12.4,0.0,7.1,7.3,0.5,0.8,0.8,99.0,99.0,99.0
2018-11-09,8.0,8.6,8.6,0.0,0.0,0.0,4.3,2.9,1.7,74.0,71.0,58.0
2018-11-10,8.2,10.9,9.4,0.0,0.0,0.0,1.1,3.2,1.1,72.0,55.0,59.0
2018-11-11,-1.0,12.6,8.2,0.0,0.0,0.0,0.1,1.3,0.7,79.0,29.0,54.0
2018-11-12,0.9,8.5,5.7,0.0,0.0,0.0,0.1,3.8,1.6,91.0,57.0,95.0
2018-11-13,5.4,7.2,5.9,0.0,0.0,2.5,0.0,1.4,0.4,91.0,79.0,95.0
2018-11-14,0.9,6.6,5.7,0.0,0.0,0.0,0.1,0.8,0.8,99.0,84.0,90.0
2018-11-15,-0.1,10.8,7.3,0.0,0.0,0.0,0.4,1.8,0.4,99.0,50.0,56.0
2018-11-16,4.7,8.9,6.8,0.0,0.0,0.0,0.4,2.4,0.4,72.0,47.0,59.0
2018-11-17,-0.8,8.5,6.1,0.0,0.0,0.0,0.2,1.8,1.0,95.0,60.0,87.0
2018-11-18,1.3,7.1,4.7,0.0,0.0,0.0,0.4,1.5,0.4,58.0,22.0,42.0
2018-11-19,-1.7,7.3,5.0,0.0,0.0,0.0,0.1,2.8,0.3,76.0,39.0,52.0
2018-11-20,-1.4,7.6,4.8,0.0,0.0,0.0,0.6,0.9,1.7,48.0,23.0,36.0
2018-11-21,4.6,5.7,3.4,0.0,0.0,0.0,2.5,2.5,1.2,52.0,69.0,75.0
2018-11-22,-2.7,0.9,-0.3,0.0,0.0,0.0,1.0,2.7,1.2,44.0,33.0,42.0
2018-11-23,-5.6,1.9,-1.1,0.0,0.0,0.0,1.0,2.2,0.2,47.0,16.0,33.0
2018-11-24,-3.3,-1.7,2.9,0.0,2.2,0.0,0.4,1.9,1.7,60.0,94.0,81.0
2018-11-25,2.1,4.8,2.9,0.0,0.0,0.0,2.0,1.2,2.0,68.0,58.0,67.0
2018-11-26,-4.7,10.9,6.9,0.0,0.0,0.0,0.0,1.1,1.4,95.0,29.0,41.0
2018-11-27,1.2,9.8,7.7,0.0,0.0,0.0,0.7,1.6,1.8,68.0,56.0,68.0
2018-11-28,1.5,6.3,2.6,0.0,0.0,0.0,0.3,0.5,0.4,50.0,23.0,50.0
2018-11-29,-4.0,7.4,3.4,0.0,0.0,0.0,0.0,1.8,1.4,72.0,39.0,48.0
2018-11-30,-4.7,7.1,2.7,0.0,0.0,0.0,0.3,4.1,0.5,78.0,15.0,29.0
2018-12-01,1.3,6.6,2.2,0.0,0.0,0.0,2.5,0.7,0.1,65.0,36.0,67.0
2018-12-02,-2.8,10.7,7.7,0.0,0.0,0.0,0.1,3.8,0.5,95.0,52.0,64.0
2018-12-03,6.4,12.3,12.3,0.0,2.3,0.0,0.6,2.1,1.8,96.0,98.0,95.0
2018-12-04,8.8,10.5,8.3,0.0,2.0,0.0,1.5,2.3,0.5,99.0,75.0,72.0
2018-12-05,-2.1,3.5,1.8,0.0,0.0,0.0,0.9,0.7,1.4,77.0,61.0,72.0
2018-12-06,-0.3,1.9,1.1,0.0,0.0,0.0,1.9,0.5,1.8,97.0,86.0,71.0
2018-12-07,-9.0,-8.3,-9.6,0.0,0.0,0.0,1.7,2.3,1.1,34.0,27.0,30.0
2018-12-08,-11.1,-7.7,-9.3,0.0,0.0,0.0,2.4,2.6,1.2,43.0,28.0,31.0
2018-12-09,-13.9,-2.8,-5.3,0.0,0.0,0.0,0.1,1.7,1.9,53.0,20.0,35.0
2018-12-10,-11.6,0.8,-2.5,0.0,0.0,0.0,0.1,1.8,0.0,69.0,24.0,64.0
2018-12-11,-5.5,-1.4,-1.5,0.0,0.0,0.8,0.0,0.0,0.0,87.0,91.0,96.0
2018-12-12,-9.9,-1.8,-4.6,0.0,0.0,0.0,0.6,1.1,2.8,91.0,31.0,54.0
2018-12-13,-4.2,-2.4,-4.6,0.0,0.0,0.0,2.0,3.8,2.2,72.0,73.0,61.0
2018-12-14,-14.0,-0.8,-4.4,0.0,0.0,0.0,0.7,1.3,1.0,87.0,27.0,49.0
2018-12-15,-14.7,1.3,-1.2,0.0,0.0,0.0,0.1,0.6,1.3,82.0,27.0,29.0
2018-12-16,0.3,-0.5,0.2,0.0,0.0,0.0,1.2,2.5,1.6,15.0,53.0,70.0
2018-12-17,-1.3,1.0,-1.6,0.0,0.0,0.0,1.4,1.3,2.1,64.0,40.0,46.0
2018-12-18,-4.0,-0.6,-0.6,0.0,0.0,0.0,2.3,1.9,1.9,58.0,52.0,63.0
2018-12-19,2.2,5.3,2.8,0.0,0.0,0.0,2.8,2.5,4.5,61.0,38.0,43.0
2018-12-20,-2.3,4.4,-0.2,0.0,0.0,0.0,0.0,1.3,0.6,63.0,32.0,50.0
2018-12-21,-7.5,9.3,6.3,0.0,0.0,0.0,0.5,0.8,0.8,79.0,37.0,37.0
2018-12-22,-0.1,8.3,4.6,0.0,0.0,0.0,0.5,1.5,0.1,89.0,47.0,73.0
2018-12-23,2.0,5.9,1.3,0.0,0.0,0.0,0.7,0.9,1.0,81.0,35.0,32.0
2018-12-24,-9.0,0.6,-2.6,0.0,0.0,0.0,0.7,3.0,1.7,65.0,16.0,29.0
2018-12-25,-7.5,0.6,-1.6,0.0,0.0,0.0,0.7,2.4,0.8,50.0,37.0,63.0
2018-12-26,-1.0,2.3,-0.7,0.0,0.0,0.0,1.0,2.3,0.7,59.0,24.0,26.0
2018-12-27,-10.2,-6.3,-11.1,0.0,0.0,0.0,3.1,2.0,1.5,23.0,11.0,17.0
2018-12-28,-12.7,-7.0,-8.6,0.0,0.0,0.0,2.0,2.8,0.9,30.0,28.0,29.0
2018-12-29,-13.2,-7.4,-9.0,0.0,0.0,0.0,0.3,2.4,1.8,36.0,21.0,28.0
2018-12-30,-15.2,-4.7,-5.8,0.0,0.0,0.0,0.1,3.0,0.1,59.0,21.0,57.0
2018-12-31,-16.1,0.8,-3.2,0.0,0.0,0.0,0.0,0.4,0.6,73.0,17.0,21.0
2019-01-01,-9.4,-3.8,-6.7,0.0,0.0,0.0,1.8,1.2,1.8,58.0,30.0,51.0
2019-01-02,-9.2,-2.2,-4.9,0.0,0.0,0.0,2.6,2.2,0.9,38.0,11.0,30.0
2019-01-03,-11.1,1.8,-2.1,0.0,0.0,0.0,0.1,1.8,1.0,46.0,8.0,22.0
2019-01-04,-9.7,3.6,-2.0,0.0,0.0,0.0,0.4,2.9,2.0,58.0,16.0,37.0
2019-01-05,-7.7,1.4,-2.9,0.0,0.0,0.0,0.1,1.3,1.2,82.0,17.0,51.0
2019-01-06,-9.6,0.1,-1.3,0.0,0.0,0.0,0.6,1.0,0.5,79.0,35.0,30.0
2019-01-07,-6.6,0.2,-2.7,0.0,0.0,0.0,2.7,1.8,2.2,32.0,22.0,45.0
2019-01-08,-6.8,-1.2,-4.8,0.0,0.0,0.0,0.5,1.8,2.1,45.0,22.0,23.0
2019-01-09,-14.3,-1.7,-4.3,0.0,0.0,0.0,0.0,2.9,0.4,66.0,29.0,20.0
2019-01-10,-2.9,1.3,-1.6,0.0,0.0,0.0,1.4,1.4,2.0,8.0,16.0,39.0
2019-01-11,-10.1,2.5,0.1,0.0,0.0,0.0,0.2,0.8,0.7,80.0,33.0,69.0
2019-01-12,-2.0,0.7,0.6,0.0,1.5,0.0,0.0,0.0,0.2,98.0,98.0,98.0
2019-01-13,-9.4,3.2,0.0,0.0,0.0,0.0,0.3,0.3,0.2,92.0,54.0,80.0
2019-01-14,-9.5,4.1,0.5,0.0,0.0,0.0,0.1,2.3,0.6,91.0,32.0,52.0
2019-01-15,-2.4,-0.7,-3.7,0.0,0.0,0.0,0.4,1.5,1.0,66.0,58.0,61.0
2019-01-16,-13.7,-3.4,-6.0,0.0,0.0,0.0,0.2,2.7,1.9,74.0,15.0,30.0
2019-01-17,-5.7,-0.7,-2.1,0.0,0.0,0.0,1.4,2.1,2.7,65.0,37.0,41.0
2019-01-18,-4.6,2.4,-0.3,0.0,0.0,0.0,2.6,3.3,0.7,39.0,28.0,34.0
2019-01-19,-4.2,4.8,0.7,0.0,0.0,0.0,0.2,3.4,0.2,60.0,15.0,29.0
2019-01-20,-1.5,0.6,-3.2,0.0,0.0,0.0,1.8,2.5,1.4,53.0,38.0,26.0
2019-01-21,-8.2,-1.6,-2.6,0.0,0.0,0.0,3.3,2.4,2.1,39.0,45.0,64.0
2019-01-22,-4.6,2.8,0.4,0.0,0.0,0.0,1.1,0.9,2.5,54.0,32.0,48.0
2019-01-23,-1.8,2.6,0.8,0.0,0.0,0.0,1.9,2.0,0.4,60.0,40.0,35.0
2019-01-24,-10.1,2.3,-0.1,0.0,0.0,0.0,0.1,3.7,0.5,79.0,21.0,24.0
2019-01-25,-8.7,-0.9,-3.2,0.0,0.0,0.0,0.5,2.5,0.6,56.0,31.0,25.0
2019-01-26,-8.3,-3.1,-3.5,0.0,0.0,0.0,2.1,2.6,0.5,49.0,29.0,28.0
2019-01-27,-13.4,4.7,-0.7,0.0,0.0,0.0,0.2,2.3,2.8,67.0,7.0,23.0
2019-01-28,-2.1,0.3,-2.5,0.0,0.0,0.0,2.5,2.6,0.3,60.0,43.0,32.0
2019-01-29,-12.5,3.1,1.6,0.0,0.0,0.0,0.0,2.8,1.5,75.0,26.0,27.0
2019-01-30,0.4,6.0,4.1,0.0,0.0,0.0,0.9,1.4,1.6,22.0,15.0,23.0
2019-01-31,-0.2,-0.8,-3.0,0.0,0.0,0.0,0.8,1.9,2.6,54.0,68.0,89.0
2019-02-01,-9.8,-0.6,-3.4,0.0,0.0,0.0,2.0,2.7,3.0,38.0,18.0,48.0
2019-02-02,-5.6,2.2,0.9,0.0,0.0,0.0,2.1,5.1,0.9,52.0,42.0,50.0
2019-02-03,2.7,9.0,5.7,0.0,3.7,0.0,0.5,3.1,3.1,99.0,92.0,86.0
2019-02-04,-3.4,0.4,-0.8,0.0,0.0,0.0,1.4,3.1,0.6,34.0,24.0,23.0
2019-02-05,-7.8,4.6,3.9,0.0,0.0,0.0,0.2,1.8,2.4,67.0,21.0,24.0
2019-02-06,-1.0,9.0,5.3,0.0,0.0,0.0,0.1,3.6,1.1,49.0,10.0,62.0
2019-02-07,3.1,1.8,-1.4,0.0,0.3,0.0,2.7,3.2,1.0,77.0,54.0,34.0
2019-02-08,-9.1,-1.6,-3.9,0.0,0.0,0.0,1.0,1.0,1.9,52.0,13.0,56.0
2019-02-09,-7.5,-3.6,-3.7,0.0,0.0,0.0,2.1,1.9,2.7,33.0,27.0,34.0
2019-02-10,-9.9,-1.2,-1.1,0.0,0.0,0.0,0.1,2.7,2.0,66.0,51.0,62.0
2019-02-11,-7.3,-3.1,-3.2,0.0,0.0,0.0,0.8,3.6,1.1,39.0,17.0,26.0
2019-02-12,-6.6,-2.2,-1.3,0.0,0.0,0.0,0.6,3.4,1.6,62.0,34.0,41.0
2019-02-13,-6.6,-1.5,-2.9,0.0,0.0,0.0,0.2,2.0,1.2,47.0,32.0,43.0
2019-02-14,-6.4,-3.2,-2.8,0.0,0.0,0.0,0.0,0.9,1.4,83.0,77.0,89.0
2019-02-15,-0.2,3.1,-1.4,0.0,0.0,0.0,2.6,5.2,2.6,54.0,22.0,63.0
2019-02-16,-7.3,-2.7,-3.2,0.0,0.0,0.0,2.9,2.2,1.5,62.0,46.0,47.0
2019-02-17,-7.3,1.4,0.0,0.0,0.0,0.0,1.7,2.4,1.4,45.0,19.0,28.0
2019-02-18,-8.2,7.8,5.2,0.0,0.0,0.0,0.0,2.6,2.8,59.0,13.0,14.0
2019-02-19,-0.3,1.1,3.1,0.0,2.1,0.0,0.0,0.8,1.3,98.0,99.0,83.0
2019-02-20,-2.1,0.0,-1.3,0.0,0.0,0.0,0.6,2.8,0.5,79.0,58.0,66.0
2019-02-21,-7.3,4.6,3.7,0.0,0.0,0.0,0.5,3.1,0.5,90.0,52.0,69.0
2019-02-22,-6.1,7.1,3.3,0.0,0.0,0.0,0.0,3.5,2.1,88.0,24.0,70.0
2019-02-23,-0.2,2.6,2.4,0.0,0.0,0.0,1.3,3.2,0.7,77.0,67.0,58.0
2019-02-24,-4.5,8.9,7.2,0.0,0.0,0.0,0.5,0.8,1.7,90.0,32.0,33.0
2019-02-25,2.3,8.7,3.5,0.0,0.0,0.0,0.8,2.2,1.7,37.0,25.0,58.0
2019-02-26,-4.9,7.3,3.3,0.0,0.0,0.0,0.1,2.0,2.0,94.0,28.0,71.0
2019-02-27,-0.9,7.5,5.8,0.0,0.0,0.0,0.2,2.6,1.6,90.0,51.0,56.0
2019-02-28,-1.4,8.5,4.2,0.0,0.0,0.0,0.1,0.6,1.7,78.0,31.0,62.0
2019-03-01,-2.8,7.9,5.7,0.0,0.0,0.0,0.2,2.5,1.3,81.0,27.0,45.0
2019-03-02,-4.4,8.6,6.4,0.0,0.0,0.0,0.3,2.3,1.8,76.0,27.0,65.0
2019-03-03,-2.5,10.6,7.0,0.0,0.0,0.0,0.2,1.7,1.7,88.0,23.0,50.0
2019-03-04,0.4,8.6,6.8,0.0,0.0,0.0,0.2,1.4,1.7,83.0,42.0,64.0
2019-03-05,0.5,10.2,8.3,0.0,0.0,0.0,0.3,2.7,1.3,77.0,30.0,33.0
2019-03-06,3.6,8.9,5.3,0.0,0.0,0.0,1.4,1.6,2.6,54.0,34.0,66.0
2019-03-07,0.1,0.7,1.9,0.0,0.0,0.0,2.2,1.5,1.7,95.0,88.0,84.0
2019-03-08,-3.8,8.8,7.4,0.0,0.0,0.0,0.1,1.7,1.1,99.0,24.0,30.0
2019-03-09,0.0,11.1,9.9,0.0,0.0,0.0,0.7,3.8,3.0,47.0,13.0,10.0
2019-03-10,5.3,6.3,2.5,0.0,0.0,1.7,1.0,1.7,3.1,22.0,35.0,91.0
2019-03-11,-1.5,8.3,4.8,0.0,0.0,0.0,0.5,3.0,2.4,97.0,44.0,54.0
2019-03-12,2.0,6.8,0.5,0.0,0.0,2.2,2.0,3.2,2.5,65.0,44.0,86.0
2019-03-13,-3.5,0.5,0.6,0.0,0.0,0.0,2.6,2.2,1.8,42.0,41.0,31.0
2019-03-14,-3.0,3.8,2.7,0.0,0.0,0.0,2.6,1.7,1.9,48.0,25.0,36.0
2019-03-15,1.5,6.3,0.1,0.0,0.0,1.6,0.6,2.4,1.7,57.0,26.0,96.0
2019-03-16,-5.1,3.4,1.5,0.0,0.0,0.0,0.2,3.4,2.7,92.0,57.0,67.0
2019-03-17,0.5,3.2,4.6,0.0,0.0,0.0,1.1,3.4,1.2,56.0,51.0,47.0
2019-03-18,2.2,10.4,8.7,0.0,0.0,0.0,0.4,1.6,1.5,42.0,19.0,26.0
2019-03-19,6.8,13.9,13.3,0.0,0.0,0.0,0.4,2.6,0.8,38.0,38.0,42.0
2019-03-20,4.2,16.0,9.7,0.0,0.0,0.1,0.2,3.9,1.2,82.0,32.0,65.0
2019-03-21,10.4,11.3,7.2,0.0,0.0,0.0,1.4,3.0,2.4,84.0,66.0,50.0
2019-03-22,-0.8,5.6,2.5,0.0,0.0,0.0,0.1,2.4,2.4,76.0,41.0,70.0
2019-03-23,-1.0,3.9,-0.4,0.0,0.0,0.6,1.1,4.5,1.4,49.0,28.0,55.0
2019-03-24,-0.5,4.5,3.9,0.0,0.0,0.0,1.6,3.4,3.4,37.0,33.0,42.0
2019-03-25,3.2,8.1,7.9,0.0,0.0,0.0,1.9,1.9,2.4,64.0,51.0,52.0
2019-03-26,5.3,10.0,11.3,0.0,0.0,0.0,2.2,2.7,1.1,66.0,32.0,20.0
2019-03-27,9.9,13.8,12.8,0.0,0.0,0.0,3.7,4.2,4.6,62.0,51.0,31.0
2019-03-28,1.4,2.2,2.4,0.0,0.0,0.0,2.6,1.5,1.1,99.0,96.0,99.0
2019-03-29,1.7,9.8,5.0,0.0,0.0,0.0,0.2,1.9,3.2,69.0,34.0,79.0
2019-03-30,2.9,6.5,1.6,0.0,0.0,1.4,1.4,4.3,1.9,85.0,55.0,92.0
2019-03-31,-0.1,1.2,0.0,0.0,0.0,0.0,1.4,2.6,2.0,71.0,62.0,65.0
2019-04-01,-1.5,3.7,3.1,0.0,0.0,0.0,2.5,1.8,0.4,50.0,33.0,29.0
2019-04-02,0.2,5.9,1.5,0.0,0.0,0.0,0.5,2.8,1.4,48.0,25.0,66.0
2019-04-03,0.0,7.7,7.2,0.0,0.0,0.0,0.6,2.4,1.2,57.0,25.0,32.0
2019-04-04,7.0,11.1,11.0,0.0,0.0,0.0,2.3,1.9,2.9,23.0,22.0,26.0
2019-04-05,5.5,10.3,12.5,0.0,0.0,0.0,3.1,6.2,1.5,74.0,52.0,36.0
2019-04-06,3.2,13.0,11.5,0.0,0.0,0.0,0.3,1.7,0.3,45.0,22.0,25.0
2019-04-07,7.2,14.4,9.5,0.0,0.0,0.0,3.4,1.0,1.5,64.0,39.0,55.0
2019-04-08,8.8,12.7,5.9,0.0,0.0,0.0,2.0,4.1,3.4,28.0,22.0,35.0
2019-04-09,3.0,10.7,0.8,0.0,0.0,1.0,0.3,2.0,0.3,45.0,30.0,94.0
2019-04-10,0.5,2.9,1.5,0.0,0.0,0.1,0.0,1.4,2.2,98.0,88.0,99.0
2019-04-11,-0.7,8.4,4.8,0.0,0.0,0.0,0.3,1.6,0.8,99.0,49.0,88.0
2019-04-12,4.8,11.3,10.0,0.0,0.0,0.0,0.6,2.1,0.6,71.0,33.0,42.0
2019-04-13,2.9,12.5,11.9,0.0,0.0,0.0,0.3,3.4,2.1,74.0,33.0,26.0
2019-04-14,8.1,9.3,6.6,0.0,0.0,0.0,3.2,3.8,2.0,31.0,41.0,65.0
2019-04-15,5.6,14.8,13.8,0.0,0.0,0.0,2.0,2.4,1.5,35.0,21.0,25.0
2019-04-16,11.9,18.5,16.0,0.0,0.0,0.0,1.6,3.1,1.4,24.0,13.0,13.0
2019-04-17,11.7,19.6,18.4,0.0,0.0,0.0,0.6,2.7,2.1,31.0,11.0,18.0
2019-04-18,12.8,18.0,14.5,0.0,0.0,0.0,3.6,2.5,3.6,56.0,34.0,58.0
2019-04-19,4.3,5.3,8.4,0.0,0.0,0.0,2.6,2.0,1.5,85.0,69.0,59.0
2019-04-20,3.5,19.7,17.8,0.0,0.0,0.0,0.3,1.7,3.8,68.0,30.0,37.0
2019-04-21,12.9,19.8,16.3,0.0,0.0,0.0,1.1,2.7,1.8,78.0,51.0,62.0
2019-04-22,11.6,19.9,15.6,0.0,0.0,0.0,0.4,2.8,2.3,80.0,48.0,69.0
2019-04-23,12.0,22.8,18.4,0.0,0.0,0.0,0.6,5.0,3.3,78.0,30.0,53.0
2019-04-24,13.6,17.1,16.5,1.1,0.0,0.0,0.2,1.0,2.2,99.0,83.0,78.0
2019-04-25,7.7,9.3,5.7,0.0,0.0,1.5,2.4,3.5,1.0,76.0,60.0,98.0
2019-04-26,4.3,4.2,3.1,0.9,0.0,0.7,3.3,1.9,2.3,94.0,98.0,95.0
2019-04-27,5.3,11.2,10.5,0.0,0.0,0.0,0.4,3.6,3.0,83.0,31.0,41.0
2019-04-28,7.8,11.8,10.6,0.0,0.0,0.0,0.4,1.6,1.1,62.0,45.0,54.0
2019-04-29,6.0,13.6,9.7,0.0,0.0,0.0,0.3,2.4,1.5,82.0,54.0,85.0
2019-04-30,10.1,17.0,13.4,0.0,0.0,0.0,0.6,2.9,1.5,94.0,63.0,83.0
2019-05-01,13.1,19.0,16.6,0.0,0.0,0.0,0.3,2.3,4.4,64.0,35.0,54.0
2019-05-02,11.1,18.9,18.5,0.0,0.0,0.0,0.3,4.1,2.0,78.0,30.0,27.0
2019-05-03,12.2,22.1,19.8,0.0,0.0,0.0,0.3,1.5,1.9,49.0,22.0,31.0
2019-05-04,12.1,24.9,21.0,0.0,0.0,0.0,0.3,1.5,1.3,52.0,14.0,30.0
2019-05-05,13.9,23.9,21.5,0.0,0.0,0.0,0.1,2.6,1.7,60.0,13.0,14.0
2019-05-06,6.6,8.8,7.6,0.0,0.0,0.0,4.7,3.3,2.7,95.0,56.0,50.0
2019-05-07,6.0,15.9,15.7,0.0,0.0,0.0,0.4,2.3,2.4,62.0,21.0,25.0
2019-05-08,14.2,18.7,17.2,0.0,0.0,0.0,1.4,4.0,4.0,23.0,17.0,29.0
2019-05-09,15.5,19.6,18.9,0.0,0.0,0.0,2.0,3.8,1.5,19.0,23.0,29.0
2019-05-10,13.6,23.9,20.0,0.0,0.0,0.0,0.5,1.7,1.2,45.0,25.0,33.0
2019-05-11,15.0,24.2,20.9,0.0,0.0,0.0,0.2,3.6,1.1,53.0,22.0,23.0
2019-05-12,13.6,17.4,12.6,0.0,0.0,0.0,1.8,4.1,3.8,75.0,66.0,86.0
2019-05-13,11.3,23.2,20.3,0.0,0.0,0.0,0.6,3.2,1.9,64.0,18.0,25.0
2019-05-14,17.0,22.1,22.2,0.0,0.0,0.0,1.5,1.6,2.0,62.0,43.0,37.0
2019-05-15,15.3,24.2,20.6,0.0,0.0,0.0,0.3,2.1,1.8,67.0,29.0,51.0
2019-05-16,16.3,25.6,21.5,0.0,0.0,0.0,0.2,1.8,1.3,69.0,30.0,45.0
2019-05-17,16.6,24.0,21.0,0.0,0.0,0.0,0.3,2.1,3.0,70.0,40.0,40.0
2019-05-18,15.6,16.0,16.6,0.0,0.2,0.0,2.6,1.0,2.6,68.0,84.0,69.0
2019-05-19,17.3,20.8,17.6,0.0,0.0,0.3,3.9,3.7,2.8,76.0,67.0,89.0
2019-05-20,16.3,17.3,13.5,0.4,0.0,0.0,2.8,3.6,1.3,98.0,38.0,44.0
2019-05-21,13.8,19.1,17.8,0.0,0.0,0.0,2.2,3.3,2.4,40.0,30.0,25.0
2019-05-22,16.5,21.9,21.1,0.0,0.0,0.0,1.2,3.8,3.9,33.0,24.0,28.0
2019-05-23,18.1,24.0,23.8,0.0,0.0,0.0,0.4,3.5,1.0,42.0,19.0,22.0
2019-05-24,17.7,29.2,28.9,0.0,0.0,0.0,0.3,2.5,1.6,47.0,18.0,27.0
2019-05-25,23.6,28.2,25.5,0.0,0.0,0.0,1.8,4.0,2.1,45.0,24.0,24.0
2019-05-26,19.6,28.0,25.7,0.0,0.0,0.0,0.4,4.0,3.4,44.0,21.0,26.0
2019-05-27,14.1,17.4,18.2,2.3,1.3,0.5,3.1,6.0,2.6,90.0,88.0,90.0
2019-05-28,13.9,18.1,18.8,0.0,0.0,0.0,1.3,2.5,2.1,48.0,29.0,36.0
2019-05-29,17.8,21.7,21.2,0.0,0.0,0.0,1.6,3.4,2.0,29.0,25.0,35.0
2019-05-30,14.4,24.5,20.3,0.0,0.0,0.0,1.0,2.6,2.8,53.0,20.0,40.0
2019-05-31,14.7,20.2,19.3,0.0,0.0,0.0,1.5,2.9,1.8,54.0,41.0,40.0
2019-06-01,17.3,23.1,21.6,0.0,0.0,0.0,1.8,2.5,3.5,43.0,31.0,38.0
2019-06-02,14.7,25.6,22.7,0.0,0.0,0.0,0.6,2.3,1.3,46.0,16.0,31.0
2019-06-03,17.3,26.6,26.7,0.0,0.0,0.0,0.4,2.0,2.5,60.0,32.0,36.0
2019-06-04,22.3,30.1,27.3,0.0,0.0,0.0,2.5,4.1,2.8,53.0,23.0,29.0
2019-06-05,21.6,26.4,24.8,0.0,0.0,0.0,0.4,4.3,2.2,49.0,36.0,47.0
2019-06-06,21.7,26.3,20.6,0.0,0.0,0.0,0.5,2.4,2.4,61.0,46.0,71.0
2019-06-07,14.4,14.8,14.0,0.9,1.9,1.3,3.0,3.9,4.2,95.0,95.0,96.0
2019-06-08,14.9,22.3,20.3,0.0,0.0,0.0,0.8,2.8,1.9,82.0,36.0,60.0
2019-06-09,13.3,20.9,14.1,0.0,0.0,0.0,3.1,2.9,2.3,87.0,60.0,88.0
2019-06-10,11.8,14.3,11.5,0.0,0.0,0.0,1.0,2.0,3.3,93.0,79.0,96.0
2019-06-11,11.3,12.2,12.3,0.0,0.1,0.0,1.6,3.3,1.3,91.0,96.0,97.0
2019-06-12,13.9,21.3,20.1,0.0,0.0,0.0,0.4,3.5,1.8,76.0,50.0,55.0
2019-06-13,16.7,26.5,25.0,0.0,0.0,0.0,0.5,2.2,2.4,80.0,32.0,35.0
2019-06-14,15.2,23.7,16.4,0.0,0.0,0.0,0.4,0.5,1.2,80.0,46.0,89.0
2019-06-15,15.3,18.7,15.3,0.0,0.0,0.0,0.2,2.5,4.9,88.0,70.0,91.0
2019-06-16,12.6,15.4,15.7,0.0,0.0,0.0,3.2,2.6,2.4,99.0,82.0,83.0
2019-06-17,17.3,23.0,22.8,0.0,0.0,0.0,2.0,0.9,2.4,76.0,47.0,50.0
2019-06-18,18.8,21.8,20.3,0.0,0.0,0.0,0.8,1.5,0.5,64.0,57.0,65.0
2019-06-19,17.9,22.5,22.3,0.0,0.0,0.0,1.6,2.8,2.0,80.0,61.0,63.0
2019-06-20,19.2,27.6,25.4,0.0,0.0,0.0,0.6,1.7,1.1,71.0,44.0,57.0
2019-06-21,20.1,24.2,15.9,0.0,0.0,1.3,0.8,1.8,3.6,68.0,49.0,99.0
2019-06-22,15.4,19.9,18.0,0.0,0.0,0.0,1.0,3.9,4.7,75.0,60.0,68.0
2019-06-23,14.8,18.0,19.1,0.0,0.0,0.0,3.2,2.2,4.1,81.0,70.0,69.0
2019-06-24,17.0,22.5,21.4,0.0,0.0,0.0,0.7,2.9,2.4,77.0,53.0,60.0
2019-06-25,19.6,25.7,25.6,0.0,0.0,0.0,0.3,2.8,2.6,74.0,51.0,56.0
2019-06-26,17.4,25.3,18.0,0.0,0.0,0.1,0.1,3.2,0.8,78.0,46.0,90.0
2019-06-27,20.4,20.9,21.0,0.0,1.3,0.0,0.1,2.5,2.2,97.0,97.0,92.0
2019-06-28,17.8,25.2,20.5,0.0,0.0,0.0,2.2,2.9,2.8,89.0,65.0,90.0
2019-06-29,18.7,22.4,20.2,0.0,0.0,0.0,0.7,1.8,2.2,96.0,73.0,90.0
2019-06-30,20.6,22.2,23.7,0.0,0.0,0.0,0.5,1.8,2.6,84.0,70.0,63.0
2019-07-01,19.2,22.0,22.2,0.0,0.0,0.0,0.4,2.1,3.0,73.0,64.0,61.0
2019-07-02,20.2,24.9,24.2,0.0,0.0,0.0,2.6,2.5,1.0,65.0,45.0,53.0
2019-07-03,20.3,25.9,22.6,0.0,0.0,0.0,0.4,1.4,2.0,78.0,43.0,67.0
2019-07-04,19.8,27.3,24.7,0.0,0.0,0.0,0.4,0.9,0.7,86.0,47.0,60.0
2019-07-05,21.5,27.9,26.1,0.0,0.0,0.0,0.5,2.0,1.9,73.0,51.0,50.0
2019-07-06,19.0,24.3,21.0,0.0,0.0,0.0,1.8,3.7,3.2,84.0,61.0,75.0
2019-07-07,17.2,19.0,18.1,0.0,0.0,0.0,2.4,4.3,2.8,88.0,71.0,76.0
2019-07-08,15.9,16.8,17.5,0.6,0.0,0.0,2.3,2.6,2.8,99.0,91.0,84.0
2019-07-09,15.7,17.3,16.3,0.0,0.0,0.0,0.6,1.8,2.1,97.0,85.0,85.0
2019-07-10,14.7,15.7,16.1,0.2,0.1,1.4,2.7,1.2,3.4,99.0,99.0,99.0
2019-07-11,18.5,21.3,20.1,0.6,0.0,0.0,4.0,2.2,2.2,98.0,87.0,81.0
2019-07-12,20.0,22.3,22.3,0.0,0.0,0.0,1.4,2.2,1.4,78.0,67.0,67.0
2019-07-13,20.8,24.0,21.4,0.0,0.0,0.0,0.5,1.9,1.2,75.0,62.0,77.0
2019-07-14,19.2,23.2,18.6,0.0,0.0,0.0,0.4,3.6,1.6,82.0,65.0,97.0
2019-07-15,18.4,19.7,19.3,0.0,0.0,0.0,0.3,1.1,0.1,92.0,88.0,97.0
2019-07-16,19.2,23.0,20.2,0.0,0.0,0.3,0.9,1.5,1.0,90.0,73.0,93.0
2019-07-17,18.4,24.6,24.4,0.0,0.0,0.0,0.5,1.6,2.3,99.0,69.0,71.0
2019-07-18,20.4,25.1,25.5,0.0,0.0,0.0,1.0,1.0,3.1,92.0,69.0,69.0
2019-07-19,20.1,27.1,23.3,0.0,0.0,1.0,0.1,0.9,0.7,87.0,63.0,97.0
2019-07-20,20.9,21.8,21.5,6.2,5.6,9.6,1.4,1.4,0.9,98.0,98.0,99.0
2019-07-21,21.5,24.1,23.4,1.2,0.7,0.2,1.7,2.9,3.9,99.0,93.0,89.0
2019-07-22,25.3,26.7,26.4,0.0,0.0,0.0,3.6,3.4,1.2,70.0,62.0,66.0
2019-07-23,25.2,28.0,28.8,0.0,0.0,0.0,1.3,1.7,1.4,69.0,63.0,65.0
2019-07-24,24.4,26.7,27.2,0.0,0.0,0.0,1.9,0.4,1.2,86.0,71.0,70.0
2019-07-25,23.9,27.2,24.1,0.0,0.0,1.4,1.5,2.1,1.7,91.0,76.0,95.0
2019-07-26,24.2,26.4,25.0,0.0,0.0,0.0,1.8,3.5,0.4,93.0,77.0,86.0
2019-07-27,23.4,28.2,28.8,0.0,0.0,0.0,1.2,1.1,0.9,93.0,73.0,69.0
2019-07-28,25.1,27.8,23.5,0.0,0.0,0.0,1.9,2.2,1.1,90.0,71.0,84.0
2019-07-29,24.1,26.3,26.9,0.0,0.0,0.0,1.3,2.0,2.2,75.0,69.0,70.0
2019-07-30,24.8,27.6,27.8,0.0,0.0,0.0,2.5,4.5,3.3,70.0,65.0,69.0
2019-07-31,25.9,27.5,27.8,0.0,0.0,0.0,3.6,3.7,3.6,73.0,67.0,68.0
2019-08-01,26.4,28.5,27.9,0.0,0.0,0.0,0.4,3.2,2.0,69.0,67.0,67.0
2019-08-02,26.3,31.2,27.5,0.0,0.0,0.0,0.8,2.4,2.0,68.0,46.0,72.0
2019-08-03,24.0,30.4,23.9,0.0,0.0,0.0,0.5,2.0,0.4,84.0,65.0,90.0
2019-08-04,23.5,30.8,27.7,0.0,0.0,0.0,0.5,1.2,1.2,88.0,58.0,78.0
2019-08-05,23.9,30.0,26.0,0.0,0.0,0.0,0.5,1.8,1.2,85.0,65.0,76.0
2019-08-06,21.9,24.9,22.8,0.0,0.0,0.0,0.3,3.2,2.7,80.0,77.0,79.0
2019-08-07,22.4,23.8,26.2,0.1,0.4,0.0,2.9,3.6,2.6,94.0,90.0,72.0
2019-08-08,26.1,30.6,26.8,0.0,0.0,0.0,2.8,3.6,1.3,78.0,54.0,76.0
2019-08-09,23.0,30.1,27.9,0.0,0.0,0.0,0.4,2.2,2.7,93.0,63.0,76.0
2019-08-10,23.2,29.3,25.6,0.0,0.0,0.0,0.5,2.1,2.6,88.0,58.0,79.0
2019-08-11,23.4,25.8,24.8,0.0,0.0,0.0,1.3,2.0,2.1,87.0,80.0,78.0
2019-08-12,25.7,28.5,28.1,0.0,0.0,0.0,3.1,4.2,2.4,80.0,65.0,70.0
2019-08-13,24.2,30.5,26.0,0.0,0.0,0.0,0.6,3.0,1.4,87.0,58.0,84.0
2019-08-14,22.1,23.7,23.6,0.0,0.0,0.0,1.8,1.6,2.4,99.0,93.0,94.0
2019-08-15,22.5,23.4,23.4,1.5,4.2,2.0,2.1,1.5,1.7,99.0,99.0,99.0
2019-08-16,24.0,24.8,25.3,0.0,0.0,0.0,0.8,3.1,2.8,81.0,75.0,71.0
2019-08-17,22.5,26.9,23.1,0.0,0.0,0.7,3.9,4.7,2.5,69.0,54.0,85.0
2019-08-18,22.2,24.9,23.7,0.0,0.0,0.0,1.0,2.5,0.4,55.0,54.0,64.0
2019-08-19,17.3,24.4,22.4,0.0,0.0,0.0,0.1,2.9,2.0,88.0,69.0,81.0
2019-08-20,18.4,22.9,22.3,0.0,0.0,0.0,0.3,1.7,2.6,83.0,71.0,86.0
2019-08-21,19.0,27.0,26.4,0.0,0.0,0.0,0.5,2.2,0.4,91.0,63.0,68.0
2019-08-22,21.7,24.7,24.4,0.0,0.0,0.0,0.3,1.3,0.9,98.0,81.0,68.0
2019-08-23,21.8,23.5,22.9,0.0,0.0,0.0,1.1,1.5,1.0,72.0,56.0,61.0
2019-08-24,17.9,20.3,20.7,0.0,0.0,0.0,0.3,1.0,0.5,84.0,70.0,70.0
2019-08-25,16.7,24.0,21.1,0.0,0.0,0.0,0.5,3.1,2.1,84.0,58.0,86.0
2019-08-26,17.7,24.7,23.5,0.0,0.0,0.0,0.4,1.3,0.7,87.0,56.0,80.0
2019-08-27,18.7,17.4,18.6,0.0,0.1,0.0,0.3,0.3,0.6,97.0,91.0,99.0
2019-08-28,17.9,24.4,23.8,0.0,0.0,0.0,0.3,0.9,2.5,99.0,67.0,69.0
2019-08-29,17.8,23.9,20.6,0.0,0.0,0.0,1.1,1.8,1.7,88.0,47.0,77.0
2019-08-30,19.5,22.4,20.9,0.0,0.0,0.0,1.9,4.0,1.0,66.0,56.0,61.0
2019-08-31,17.4,21.1,21.2,0.0,0.0,0.0,1.2,2.3,1.3,73.0,59.0,67.0
2019-09-01,15.7,24.2,21.8,0.0,0.0,0.0,0.5,3.3,1.2,89.0,53.0,66.0
2019-09-02,16.9,23.1,20.1,0.0,0.0,0.0,0.3,2.1,0.9,92.0,59.0,78.0
2019-09-03,16.4,18.0,18.0,0.3,1.0,0.1,0.5,0.0,0.5,99.0,96.0,99.0
2019-09-04,18.3,19.9,22.0,0.0,0.7,0.0,0.1,0.9,1.9,99.0,99.0,94.0
2019-09-05,21.3,28.0,21.8,0.0,0.0,10.3,0.6,2.7,2.2,99.0,62.0,99.0
2019-09-06,21.1,26.9,22.6,0.0,0.0,0.0,0.4,2.4,1.7,99.0,70.0,98.0
2019-09-07,22.6,23.2,24.8,0.7,0.6,0.0,2.0,5.6,9.5,92.0,93.0,71.0
2019-09-08,22.8,25.5,23.4,0.0,0.0,0.0,1.9,1.2,0.4,69.0,64.0,77.0
2019-09-09,18.9,24.6,22.5,0.8,0.0,0.2,0.9,2.0,1.2,99.0,65.0,98.0
2019-09-10,21.5,27.7,19.9,0.0,0.0,0.0,0.2,3.7,2.0,99.0,61.0,99.0
2019-09-11,17.9,18.1,17.1,1.2,0.1,0.5,1.4,2.1,0.8,99.0,99.0,99.0
2019-09-12,14.9,15.5,15.7,0.0,0.0,0.0,1.2,0.8,0.8,89.0,84.0,87.0
2019-09-13,14.7,19.0,17.6,0.0,0.0,0.0,0.4,2.0,1.6,91.0,69.0,87.0
2019-09-14,15.2,24.6,22.0,0.0,0.0,0.0,0.6,1.9,0.8,87.0,60.0,76.0
2019-09-15,18.5,17.4,15.8,0.0,0.6,0.0,0.7,4.7,0.9,99.0,97.0,92.0
2019-09-16,13.9,19.7,17.1,0.0,0.0,0.0,0.5,3.2,3.2,89.0,47.0,74.0
2019-09-17,15.2,20.6,17.7,0.0,0.0,0.0,0.9,2.2,1.2,87.0,59.0,85.0
2019-09-18,16.2,24.1,16.0,0.0,0.0,0.0,0.4,3.0,3.1,77.0,29.0,83.0
2019-09-19,14.5,19.6,17.7,0.0,0.0,0.0,1.0,1.6,0.9,79.0,56.0,77.0
2019-09-20,13.1,17.7,15.0,0.0,0.0,0.0,0.4,2.5,0.9,90.0,61.0,78.0
2019-09-21,16.0,15.7,12.4,0.0,0.6,2.6,0.8,1.1,2.0,90.0,93.0,94.0
2019-09-22,13.6,14.0,13.3,3.5,8.4,5.7,3.8,6.1,7.0,98.0,96.0,96.0
2019-09-23,11.9,13.7,13.3,0.0,0.0,0.0,3.3,2.8,0.4,93.0,77.0,87.0
2019-09-24,9.4,20.9,16.9,0.0,0.0,0.0,0.2,2.8,0.3,99.0,39.0,66.0
2019-09-25,9.8,21.2,16.6,0.0,0.0,0.0,0.2,1.9,1.6,93.0,56.0,88.0
2019-09-26,12.0,22.3,17.1,0.0,0.0,0.0,0.2,1.7,0.5,87.0,45.0,80.0
2019-09-27,11.3,24.8,18.4,0.0,0.0,0.0,0.0,2.6,1.5,88.0,37.0,95.0
2019-09-28,16.6,23.7,21.3,0.0,0.0,0.0,0.6,2.1,0.4,93.0,68.0,67.0
2019-09-29,16.6,25.5,20.9,0.0,0.0,0.0,0.2,0.9,0.7,91.0,39.0,75.0
2019-09-30,13.1,25.5,20.0,0.0,0.0,0.0,0.4,1.8,0.9,92.0,48.0,87.0
2019-10-01,14.5,22.7,21.2,0.0,0.0,0.0,0.0,3.1,0.6,94.0,74.0,84.0
2019-10-02,17.2,18.5,17.6,1.1,1.3,3.6,0.1,0.5,1.4,99.0,96.0,99.0
2019-10-03,20.4,18.9,18.6,0.0,0.3,0.0,5.6,6.0,1.7,80.0,81.0,81.0
2019-10-04,12.0,21.0,18.1,0.0,0.0,0.0,0.3,2.4,0.8,99.0,73.0,90.0
2019-10-05,17.3,15.4,11.1,0.0,0.0,0.3,1.4,3.4,2.6,82.0,88.0,96.0
2019-10-06,9.6,11.7,10.8,0.0,0.0,0.0,0.4,2.0,1.1,87.0,75.0,83.0
2019-10-07,9.5,14.5,12.4,0.1,0.0,0.0,0.6,3.6,1.4,96.0,75.0,96.0
2019-10-08,11.1,15.2,11.8,0.0,0.0,0.0,1.6,2.0,0.6,71.0,63.0,55.0
2019-10-09,3.9,18.2,13.6,0.0,0.0,0.0,0.3,3.2,1.5,82.0,35.0,60.0
2019-10-10,6.7,16.8,14.8,0.0,0.0,0.0,0.0,0.2,0.4,92.0,49.0,73.0
2019-10-11,8.5,17.5,14.6,0.0,0.0,0.0,0.4,3.0,1.7,78.0,56.0,78.0
2019-10-12,12.7,13.3,10.8,0.0,0.0,0.1,4.4,3.9,2.6,80.0,84.0,85.0
2019-10-13,10.5,11.9,11.2,0.0,0.0,0.0,1.5,2.1,0.6,76.0,73.0,80.0
2019-10-14,7.1,17.0,12.1,0.0,0.0,0.0,0.3,3.3,2.8,99.0,55.0,84.0
2019-10-15,7.4,9.0,8.0,0.1,0.0,0.0,2.2,1.4,0.7,95.0,88.0,94.0
2019-10-16,3.4,15.8,12.2,0.0,0.0,0.0,0.1,1.1,0.2,99.0,49.0,81.0
2019-10-17,5.4,13.6,11.5,0.0,0.0,0.0,0.0,0.9,0.7,93.0,62.0,84.0
2019-10-18,10.1,12.4,11.4,1.3,0.0,0.0,0.9,1.7,1.0,99.0,86.0,93.0
2019-10-19,10.8,16.5,12.8,0.0,0.0,0.0,0.2,2.2,1.7,98.0,71.0,90.0
2019-10-20,6.6,18.3,14.7,0.0,0.0,0.0,0.7,1.6,0.9,99.0,39.0,77.0
2019-10-21,5.5,17.6,12.4,0.0,0.0,0.0,0.2,2.6,0.3,96.0,49.0,74.0
2019-10-22,7.9,15.5,12.4,0.0,0.0,0.0,0.5,0.9,1.1,96.0,67.0,84.0
2019-10-23,7.9,14.4,12.6,0.0,0.0,0.0,0.3,1.4,1.8,97.0,71.0,84.0
2019-10-24,11.9,13.4,11.8,0.0,0.0,1.1,1.0,2.1,3.3,86.0,73.0,94.0
2019-10-25,12.1,14.9,12.0,0.0,0.0,0.0,2.0,2.3,0.4,92.0,77.0,94.0
2019-10-26,7.7,14.3,9.0,0.0,0.0,0.0,0.8,1.8,0.3,64.0,35.0,61.0
2019-10-27,1.5,13.1,8.5,0.0,0.0,0.0,0.1,1.8,0.6,84.0,18.0,56.0
2019-10-28,0.0,15.5,10.5,0.0,0.0,0.0,0.3,2.7,2.2,97.0,35.0,54.0
2019-10-29,9.2,12.4,9.8,0.0,0.0,0.0,2.0,2.1,1.4,63.0,48.0,61.0
2019-10-30,1.4,14.6,8.7,0.0,0.0,0.0,0.4,4.2,0.5,91.0,30.0,50.0
2019-10-31,9.2,17.1,12.6,0.0,0.0,0.0,1.9,1.6,1.5,57.0,36.0,63.0
2019-11-01,10.7,16.2,11.0,0.0,0.0,0.0,0.8,0.8,0.3,61.0,39.0,75.0
2019-11-02,4.1,17.1,12.7,0.0,0.0,0.0,0.2,3.5,0.6,99.0,49.0,68.0
2019-11-03,6.8,11.6,7.7,0.0,0.0,2.9,0.2,3.4,2.3,90.0,85.0,96.0
2019-11-04,6.8,10.1,7.6,0.0,0.0,0.0,1.6,1.4,0.3,86.0,60.0,84.0
2019-11-05,0.8,13.8,9.9,0.0,0.0,0.0,0.6,4.0,1.3,99.0,38.0,63.0
2019-11-06,1.3,15.1,10.8,0.0,0.0,0.0,0.1,2.7,1.5,97.0,38.0,55.0
2019-11-07,7.1,12.0,7.7,0.0,0.0,0.0,1.2,3.8,1.4,52.0,35.0,85.0
2019-11-08,-1.1,13.1,7.9,0.0,0.0,0.0,0.4,0.6,0.7,94.0,22.0,37.0
2019-11-09,-1.1,12.0,7.9,0.0,0.0,0.0,0.1,1.2,0.3,82.0,36.0,82.0
2019-11-10,0.2,10.9,8.5,0.0,0.0,0.0,0.1,3.8,1.9,97.0,40.0,50.0
2019-11-11,6.9,10.4,9.1,0.0,0.0,0.0,1.0,1.7,1.8,83.0,66.0,64.0
2019-11-12,-0.1,12.1,9.0,0.0,0.0,0.0,0.1,2.6,0.7,98.0,51.0,71.0
2019-11-13,-0.4,9.7,7.4,0.0,0.0,0.3,0.1,4.6,4.3,91.0,42.0,83.0
2019-11-14,-3.7,1.0,-1.2,0.0,0.0,0.0,1.8,1.5,0.8,29.0,18.0,27.0
2019-11-15,1.8,2.1,5.7,0.0,0.0,0.9,1.2,2.7,2.0,62.0,88.0,93.0
2019-11-16,7.1,11.2,6.1,0.0,0.0,0.0,0.7,1.7,0.6,88.0,50.0,71.0
2019-11-17,0.3,7.0,5.3,0.0,0.0,11.1,0.0,1.0,0.4,90.0,64.0,99.0
2019-11-18,7.1,5.7,0.4,0.0,0.0,0.0,3.0,3.1,3.0,77.0,42.0,53.0
2019-11-19,-3.4,0.1,-1.5,0.0,0.0,0.0,1.9,2.0,1.6,49.0,38.0,44.0
2019-11-20,-4.7,5.2,0.1,0.0,0.0,0.0,0.3,1.9,0.1,41.0,11.0,33.0
2019-11-21,-5.8,9.1,4.5,0.0,0.0,0.0,0.0,1.4,0.4,77.0,20.0,58.0
2019-11-22,-0.8,12.3,7.3,0.0,0.0,0.0,0.0,3.3,0.6,75.0,27.0,72.0
2019-11-23,-1.5,12.1,8.3,0.0,0.0,0.0,0.3,2.7,0.3,98.0,54.0,70.0
2019-11-24,11.6,18.0,13.6,0.0,0.0,0.0,1.9,3.0,1.3,57.0,37.0,59.0
2019-11-25,2.3,2.0,1.2,0.0,0.0,0.0,1.8,1.7,0.9,95.0,94.0,98.0
2019-11-26,2.8,6.8,4.2,0.0,0.0,0.0,0.8,2.9,0.1,96.0,63.0,68.0
2019-11-27,2.3,7.4,3.0,0.0,0.0,0.0,0.4,1.0,0.8,87.0,53.0,77.0
2019-11-28,0.2,1.1,0.6,0.0,0.0,0.0,0.4,2.0,0.2,98.0,89.0,94.0
2019-11-29,-3.7,4.7,1.1,0.0,0.0,0.0,0.1,2.1,0.3,88.0,32.0,77.0
2019-11-30,-1.2,6.4,4.3,0.0,0.0,0.0,0.2,2.5,0.7,85.0,70.0,71.0
2019-12-01,2.5,6.5,3.8,0.0,0.0,0.0,1.9,2.1,0.5,65.0,60.0,94.0
2019-12-02,-2.1,0.1,-2.4,0.0,0.0,0.0,0.7,2.0,1.1,56.0,37.0,43.0
2019-12-03,-4.7,-0.2,-1.4,0.0,0.0,0.0,0.9,3.0,1.2,43.0,53.0,56.0
2019-12-04,-2.5,1.6,0.0,0.0,0.0,0.0,0.8,2.2,1.5,48.0,34.0,52.0
2019-12-05,-3.9,-0.7,-5.4,0.0,0.0,0.0,1.2,2.3,0.6,42.0,32.0,16.0
2019-12-06,-7.2,-1.7,-5.1,0.0,0.0,0.0,1.6,2.9,0.3,23.0,11.0,30.0
2019-12-07,-4.0,1.5,-2.0,0.0,0.0,0.0,1.8,1.7,1.0,70.0,54.0,62.0
2019-12-08,-10.7,5.0,-0.1,0.0,0.0,0.0,0.0,0.9,1.1,87.0,19.0,29.0
2019-12-09,1.2,5.0,2.5,0.0,0.0,0.0,1.2,2.3,1.7,59.0,51.0,71.0
2019-12-10,4.4,5.8,4.1,0.0,0.0,0.0,1.5,1.8,1.1,74.0,72.0,77.0
2019-12-11,6.3,9.5,2.3,0.0,0.0,0.0,3.8,3.9,2.2,70.0,58.0,60.0
2019-12-12,-5.6,0.1,-2.1,0.0,0.0,0.0,0.2,1.3,1.5,44.0,19.0,29.0
2019-12-13,-8.6,3.9,0.9,0.0,0.0,0.0,0.0,3.9,2.7,68.0,17.0,35.0
2019-12-14,-0.4,3.0,0.1,0.0,0.0,0.0,2.5,1.3,1.9,65.0,43.0,66.0
2019-12-15,-2.8,5.8,3.4,0.0,0.0,0.0,0.1,3.2,1.4,88.0,61.0,65.0
2019-12-16,-3.0,9.4,5.3,0.0,0.0,0.0,0.0,2.3,0.1,95.0,49.0,66.0
2019-12-17,7.0,10.7,8.2,0.0,0.0,0.0,2.7,1.6,1.3,81.0,84.0,75.0
2019-12-18,-0.4,4.6,2.9,0.0,0.0,0.0,0.0,1.7,0.6,89.0,71.0,89.0
2019-12-19,-1.3,2.9,-1.3,0.0,0.0,0.0,1.6,0.9,1.2,49.0,26.0,38.0
2019-12-20,-3.6,0.4,-2.5,0.0,0.0,0.0,1.4,1.5,0.2,63.0,37.0,40.0
2019-12-21,-6.1,0.3,0.6,0.0,0.0,0.0,0.6,2.4,0.9,41.0,45.0,68.0
2019-12-22,-2.4,3.4,-0.1,0.0,0.0,0.0,0.0,0.3,0.2,81.0,49.0,70.0
2019-12-23,1.2,2.9,0.0,0.0,0.0,0.0,1.6,2.0,0.5,75.0,54.0,66.0
2019-12-24,-7.5,3.6,-0.1,0.0,0.0,0.0,0.1,0.4,0.4,91.0,35.0,77.0
2019-12-25,-5.6,7.4,2.6,0.0,0.0,0.0,0.3,3.0,0.3,83.0,17.0,43.0
2019-12-26,-0.7,1.3,0.1,0.0,0.0,0.0,0.1,1.2,1.2,69.0,95.0,75.0
2019-12-27,-6.8,-0.7,-3.8,0.0,0.0,0.0,1.0,2.6,0.4,64.0,29.0,44.0
2019-12-28,-7.0,1.0,-0.8,0.0,0.0,0.0,0.4,1.2,0.1,71.0,44.0,53.0
2019-12-29,-6.6,3.5,1.8,0.0,0.0,0.0,0.2,1.4,2.0,88.0,50.0,73.0
2019-12-30,0.7,7.6,3.8,0.0,0.0,0.0,0.0,2.9,1.5,99.0,74.0,77.0
2019-12-31,-10.9,-5.0,-7.4,0.0,0.0,0.0,2.1,1.5,1.4,42.0,25.0,35.0
2020-01-01,-6.3,-1.2,-4.1,0.0,0.0,0.0,1.5,1.2,0.8,67.0,49.0,62.0
2020-01-02,-8.4,1.6,-1.5,0.0,0.0,0.0,0.5,1.6,1.7,83.0,49.0,66.0
2020-01-03,-1.0,2.3,0.6,0.0,0.0,0.0,1.7,2.4,1.4,32.0,28.0,38.0
2020-01-04,-2.8,0.9,-0.2,0.0,0.0,0.0,2.2,3.3,1.3,39.0,37.0,46.0
2020-01-05,-9.8,4.1,0.6,0.0,0.0,0.0,0.0,1.0,0.1,88.0,29.0,64.0
2020-01-06,-3.8,3.6,2.9,0.0,0.0,0.0,0.3,2.3,2.4,75.0,47.0,88.0
2020-01-07,3.3,3.8,5.0,0.0,1.2,1.1,0.7,0.0,1.1,99.0,99.0,99.0
2020-01-08,1.5,2.3,1.4,0.0,0.0,0.0,1.1,3.6,0.9,81.0,83.0,82.0
2020-01-09,-3.6,-0.5,-2.0,0.0,0.0,0.0,0.4,2.6,1.9,68.0,52.0,63.0
2020-01-10,-7.2,4.6,0.9,0.0,0.0,0.0,0.0,0.9,1.6,92.0,29.0,38.0
2020-01-11,-3.5,1.5,-0.9,0.0,0.0,0.0,0.8,2.6,1.4,50.0,29.0,53.0
2020-01-12,-4.9,-0.5,-2.6,0.0,0.0,0.0,1.5,4.2,0.9,74.0,39.0,51.0
2020-01-13,-6.5,-2.7,-4.4,0.0,0.0,0.0,2.4,2.3,0.9,59.0,44.0,44.0
2020-01-14,-6.5,-0.2,-2.7,0.0,0.0,0.0,0.4,2.3,0.5,34.0,21.0,38.0
2020-01-15,-10.3,0.0,-3.3,0.0,0.0,0.0,0.1,2.2,0.8,78.0,31.0,38.0
2020-01-16,-10.8,2.9,-1.2,0.0,0.0,0.0,0.0,1.3,0.5,74.0,13.0,38.0
2020-01-17,-9.7,1.1,0.6,0.0,0.0,0.0,0.0,0.1,0.0,73.0,55.0,80.0
2020-01-18,-1.8,2.0,-0.5,0.0,0.0,0.0,0.0,0.6,0.0,97.0,83.0,49.0
2020-01-19,-3.4,-1.0,-1.0,0.0,0.0,0.0,1.1,3.9,1.1,59.0,73.0,72.0
2020-01-20,-3.4,-1.3,-1.5,0.0,0.0,0.0,1.5,2.8,0.6,62.0,53.0,43.0
2020-01-21,-10.6,2.0,0.3,0.0,0.0,0.0,0.0,1.1,1.9,77.0,27.0,35.0
2020-01-22,0.0,3.4,2.6,0.0,0.0,0.0,0.3,0.3,0.4,36.0,27.0,59.0
2020-01-23,0.4,4.3,4.4,0.0,0.0,0.0,0.2,0.7,0.1,90.0,74.0,70.0
2020-01-24,-4.6,3.9,0.7,0.0,0.0,0.0,0.0,3.2,0.1,80.0,65.0,98.0
2020-01-25,1.2,3.4,2.9,0.0,0.0,0.0,1.3,2.4,0.1,90.0,73.0,81.0
2020-01-26,0.0,1.1,0.5,0.0,0.0,0.6,0.0,1.5,1.2,93.0,94.0,95.0
2020-01-27,0.3,0.9,0.5,0.0,0.0,4.9,3.8,4.8,3.3,86.0,81.0,97.0
2020-01-28,0.7,1.2,0.8,0.0,1.2,0.0,0.0,3.4,2.2,97.0,90.0,88.0
2020-01-29,-0.3,1.2,-0.2,0.0,0.0,0.0,0.5,2.7,2.3,93.0,82.0,94.0
2020-01-30,-1.4,-0.6,-2.2,0.0,1.2,0.0,0.2,1.6,1.2,89.0,87.0,96.0
2020-01-31,-7.3,0.9,-1.3,0.0,0.0,0.0,0.6,0.8,0.1,96.0,49.0,78.0
2020-02-01,-5.6,1.7,-0.3,0.0,0.0,0.0,0.4,3.1,2.5,81.0,50.0,60.0
2020-02-02,-7.3,2.0,0.3,0.0,0.0,0.0,0.1,2.6,0.9,90.0,48.0,55.0
2020-02-03,-4.1,-0.9,-2.5,0.0,0.0,0.0,1.1,1.1,1.0,66.0,44.0,42.0
2020-02-04,-12.6,-0.9,-2.1,0.0,0.0,0.0,0.0,1.2,2.2,72.0,32.0,49.0
2020-02-05,-11.0,-5.8,-7.6,0.0,0.0,0.0,1.9,1.0,0.5,34.0,21.0,30.0
2020-02-06,-16.5,-3.8,-4.5,0.0,0.0,0.0,0.0,2.5,0.9,68.0,58.0,78.0
2020-02-07,-5.1,0.7,-3.1,0.0,0.0,0.0,1.6,2.5,1.5,27.0,45.0,51.0
2020-02-08,-6.7,-0.8,-1.7,0.0,0.0,0.0,0.0,1.1,2.7,75.0,45.0,59.0
2020-02-09,-10.6,1.3,-2.0,0.0,0.0,0.0,0.0,3.4,1.5,90.0,37.0,38.0
2020-02-10,-3.4,3.0,2.3,0.0,0.0,0.0,0.7,1.0,0.1,69.0,44.0,42.0
2020-02-11,-7.9,7.7,5.3,0.0,0.0,0.0,0.0,0.6,2.0,87.0,33.0,42.0
2020-02-12,0.9,4.0,4.3,0.0,0.6,1.3,0.0,0.0,0.6,78.0,99.0,99.0
2020-02-13,5.1,8.7,6.5,0.0,0.0,0.0,0.9,3.7,0.6,89.0,60.0,62.0
2020-02-14,-1.2,12.0,7.6,0.0,0.0,0.0,0.0,0.6,1.5,87.0,26.0,70.0
2020-02-15,3.3,9.9,9.2,0.0,0.0,0.0,0.0,1.5,3.2,91.0,62.0,64.0
2020-02-16,2.7,-1.1,-4.7,0.0,0.0,0.0,1.9,3.9,2.4,83.0,80.0,70.0
2020-02-17,-8.0,-6.9,-8.2,0.0,0.0,0.0,3.1,4.0,3.1,68.0,53.0,64.0
2020-02-18,-10.9,-2.2,-1.5,0.0,0.0,0.0,1.9,3.3,0.6,70.0,39.0,38.0
2020-02-19,-2.2,5.4,2.4,0.0,0.0,0.0,1.8,1.6,0.4,40.0,25.0,37.0
2020-02-20,-4.4,7.1,5.0,0.0,0.0,0.0,0.0,1.9,0.1,76.0,24.0,37.0
2020-02-21,-1.3,8.1,6.6,0.0,0.0,0.0,0.0,2.4,2.7,72.0,33.0,43.0
2020-02-22,0.9,2.4,0.4,0.0,0.0,0.0,4.2,3.0,1.6,61.0,52.0,50.0
2020-02-23,-5.2,2.3,1.9,0.0,0.0,0.0,2.7,0.9,2.7,59.0,24.0,35.0
2020-02-24,2.5,9.2,9.2,0.0,0.0,0.0,1.9,4.3,0.7,25.0,23.0,16.0
2020-02-25,0.8,0.4,0.3,0.0,7.2,2.4,0.0,0.0,0.4,99.0,99.0,99.0
2020-02-26,0.3,2.1,-0.1,0.0,0.0,2.6,1.3,0.6,0.3,99.0,92.0,99.0
2020-02-27,-2.4,0.0,0.7,0.0,0.0,0.0,0.5,1.9,1.3,88.0,79.0,81.0
2020-02-28,-2.5,3.0,1.8,0.0,0.0,0.0,0.1,1.6,2.7,95.0,72.0,84.0
2020-02-29,0.1,7.2,3.2,0.0,0.0,0.0,0.6,1.0,1.6,99.0,57.0,86.0
2020-03-01,-0.6,5.5,6.8,0.0,0.0,0.0,0.3,3.0,1.7,99.0,66.0,64.0
2020-03-02,-0.7,3.4,1.2,0.0,0.0,0.0,1.0,1.4,3.2,53.0,41.0,77.0
2020-03-03,-1.5,5.4,5.3,0.0,0.0,0.0,0.3,3.2,2.4,91.0,53.0,59.0
2020-03-04,0.0,1.9,-1.9,0.0,0.0,0.0,1.4,1.7,1.4,67.0,48.0,47.0
2020-03-05,-6.1,3.1,2.0,0.0,0.0,0.0,1.0,0.7,0.4,71.0,25.0,34.0
2020-03-06,-6.7,7.9,6.4,0.0,0.0,0.0,0.2,2.9,0.2,72.0,9.0,22.0
2020-03-07,-3.0,7.6,5.1,0.0,0.0,0.0,0.3,2.0,2.3,68.0,26.0,72.0
2020-03-08,-1.9,10.0,8.5,0.0,0.0,0.0,0.0,0.8,1.5,90.0,45.0,70.0
2020-03-09,-1.5,13.5,9.5,0.0,0.0,0.0,0.2,2.0,2.3,95.0,27.0,54.0
2020-03-10,5.0,5.0,4.0,0.0,3.5,0.6,1.0,3.4,0.7,96.0,90.0,93.0
2020-03-11,-1.8,2.5,2.6,0.0,0.0,0.0,0.3,1.6,1.5,59.0,39.0,33.0
2020-03-12,2.2,9.3,8.4,0.0,0.0,0.0,1.3,1.6,2.1,31.0,19.0,31.0
2020-03-13,4.0,7.6,2.2,0.0,0.0,0.0,1.0,2.9,2.6,75.0,26.0,77.0
2020-03-14,-3.1,3.4,3.2,0.0,0.0,0.0,0.9,2.1,1.2,47.0,27.0,33.0
2020-03-15,0.6,2.4,-1.2,0.0,0.0,0.0,2.0,2.7,3.5,52.0,56.0,85.0
2020-03-16,-3.4,2.1,3.6,0.0,0.0,0.0,0.1,1.1,2.3,85.0,59.0,31.0
2020-03-17,1.3,2.8,4.8,0.0,0.0,0.0,1.5,3.8,1.4,74.0,86.0,72.0
2020-03-18,1.1,10.9,11.5,0.0,0.0,0.0,0.8,1.9,0.9,72.0,25.0,23.0
2020-03-19,11.0,9.7,3.1,0.0,0.4,0.0,5.7,5.5,4.4,53.0,63.0,35.0
2020-03-20,2.0,8.9,8.9,0.0,0.0,0.0,3.5,3.0,3.9,44.0,24.0,26.0
2020-03-21,7.6,17.1,16.3,0.0,0.0,0.0,1.8,2.4,1.1,56.0,23.0,31.0
2020-03-22,4.2,8.2,6.2,0.0,0.0,0.0,3.4,2.4,2.7,76.0,56.0,64.0
2020-03-23,-0.8,10.1,5.2,0.0,0.0,0.0,0.3,2.4,2.8,83.0,30.0,59.0
2020-03-24,-0.4,10.8,7.2,0.0,0.0,0.0,0.4,1.1,2.9,72.0,22.0,66.0
2020-03-25,0.9,16.3,15.3,0.0,0.0,0.0,0.2,3.0,2.3,85.0,30.0,31.0
2020-03-26,5.8,20.3,14.2,0.0,0.0,0.0,0.4,3.2,2.9,71.0,18.0,73.0
2020-03-27,12.5,8.2,4.3,0.0,0.8,0.4,0.6,3.0,2.2,99.0,99.0,99.0
2020-03-28,2.4,4.2,2.1,0.0,0.0,0.0,1.8,3.4,3.1,57.0,54.0,61.0
2020-03-29,-0.9,4.3,3.9,0.0,0.0,0.0,0.1,1.6,0.2,86.0,78.0,80.0
2020-03-30,0.0,12.6,10.2,0.0,0.0,0.0,0.1,0.9,0.8,99.0,38.0,52.0
2020-03-31,2.4,16.2,12.4,0.0,0.0,0.0,0.0,2.3,1.7,83.0,25.0,54.0
2020-04-01,9.4,10.5,3.6,0.0,0.0,0.0,1.6,2.9,4.8,32.0,49.0,94.0
2020-04-02,0.0,12.6,11.1,0.0,0.0,0.0,0.1,2.3,1.0,77.0,19.0,20.0
2020-04-03,8.5,13.3,11.9,0.0,0.0,0.0,0.7,1.2,1.5,15.0,14.0,18.0
2020-04-04,7.2,6.5,1.3,0.0,0.0,0.0,1.5,5.2,3.1,40.0,55.0,53.0
2020-04-05,-0.8,9.3,5.7,0.0,0.0,0.0,0.2,1.5,2.6,58.0,15.0,37.0
2020-04-06,0.6,13.3,12.0,0.0,0.0,0.0,0.3,2.6,1.3,48.0,14.0,20.0
2020-04-07,8.9,12.7,12.1,0.0,0.0,0.0,1.6,1.5,1.3,37.0,40.0,42.0
2020-04-08,5.1,7.2,4.5,0.0,0.0,0.0,1.8,4.1,1.9,57.0,61.0,53.0
2020-04-09,1.4,10.6,4.3,0.0,0.0,0.0,0.4,2.1,3.7,60.0,24.0,71.0
2020-04-10,2.0,7.7,6.6,0.0,0.0,0.0,0.4,1.6,0.9,78.0,42.0,55.0
2020-04-11,2.9,9.4,7.3,0.0,0.0,0.0,0.3,2.8,0.6,75.0,40.0,62.0
2020-04-12,1.7,4.3,0.7,0.5,0.0,3.8,0.9,4.1,0.8,97.0,91.0,99.0
2020-04-13,0.8,5.4,7.2,0.0,0.0,0.0,3.7,5.5,3.6,77.0,55.0,33.0
2020-04-14,10.9,15.2,15.5,0.0,0.0,0.0,1.3,3.4,1.0,26.0,22.0,18.0
2020-04-15,7.5,18.5,10.3,0.0,0.0,0.0,0.1,2.9,2.6,49.0,17.0,71.0
2020-04-16,5.5,13.0,9.2,0.0,0.0,0.0,1.5,3.1,2.7,77.0,51.0,71.0
2020-04-17,7.5,8.6,8.3,0.0,0.0,2.5,3.6,4.2,1.2,69.0,80.0,88.0
2020-04-18,6.9,8.3,10.4,0.0,0.0,0.0,1.7,3.5,1.8,78.0,75.0,66.0
2020-04-19,6.0,8.8,5.8,0.0,0.0,2.6,0.1,1.5,2.0,88.0,69.0,93.0
2020-04-20,7.1,8.8,8.8,0.0,0.0,0.1,1.0,2.2,3.2,90.0,75.0,71.0
2020-04-21,3.7,6.8,3.8,0.0,0.0,0.0,2.6,2.4,2.0,68.0,46.0,26.0
2020-04-22,1.4,6.4,2.0,0.0,0.0,0.0,2.5,3.0,2.1,41.0,34.0,62.0
2020-04-23,0.8,5.9,7.3,0.0,0.0,0.0,2.0,4.3,1.8,59.0,40.0,36.0
2020-04-24,4.4,9.5,9.9,0.0,0.0,0.0,2.0,3.9,1.4,41.0,28.0,28.0
2020-04-25,10.9,16.0,15.2,0.0,0.0,0.0,4.0,6.7,2.2,39.0,31.0,33.0
2020-04-26,6.8,5.5,8.0,0.0,0.0,0.0,0.5,4.3,1.1,66.0,82.0,77.0
2020-04-27,7.5,12.0,7.2,0.0,0.0,0.0,1.1,1.8,2.8,60.0,32.0,74.0
2020-04-28,8.8,14.7,14.9,0.0,0.0,0.0,1.2,2.4,2.3,48.0,24.0,23.0
2020-04-29,14.3,19.4,18.4,0.0,0.0,0.0,1.4,3.0,1.4,32.0,18.0,29.0
2020-04-30,13.0,20.8,20.2,0.0,0.0,0.0,3.7,4.1,2.9,28.0,23.0,31.0
2020-05-01,17.6,25.8,24.2,0.0,0.0,0.0,2.3,1.8,2.0,61.0,34.0,44.0
2020-05-02,19.0,23.3,20.8,0.0,0.0,0.0,2.3,5.3,2.0,68.0,53.0,56.0
2020-05-03,16.6,18.8,18.3,0.0,0.0,0.0,2.0,1.5,2.6,69.0,73.0,79.0
2020-05-04,18.7,23.0,11.9,0.0,0.0,0.0,1.6,3.0,2.7,70.0,52.0,99.0
2020-05-05,13.6,20.2,12.2,0.0,0.0,1.5,1.8,3.6,0.5,77.0,52.0,95.0
2020-05-06,11.0,18.3,14.1,0.0,0.0,0.0,0.4,3.5,2.6,85.0,42.0,49.0
2020-05-07,11.1,17.4,14.8,0.0,0.0,0.0,0.4,1.9,2.3,53.0,26.0,43.0
2020-05-08,9.8,22.0,19.3,0.0,0.0,0.0,0.3,3.2,2.8,46.0,13.0,27.0
2020-05-09,11.9,13.0,15.3,1.1,2.4,0.0,2.6,2.8,1.6,98.0,97.0,91.0
2020-05-10,12.3,16.5,15.1,0.0,0.0,0.0,1.8,2.1,1.7,82.0,69.0,66.0
2020-05-11,16.7,20.3,18.0,0.0,0.0,0.0,1.9,2.9,2.6,36.0,33.0,34.0
2020-05-12,12.8,16.7,14.9,0.0,0.0,0.0,2.9,3.9,2.7,56.0,43.0,42.0
2020-05-13,12.3,17.9,17.4,0.0,0.0,0.0,1.7,2.7,1.8,50.0,30.0,28.0
2020-05-14,17.0,23.1,21.5,0.0,0.0,0.0,0.5,3.2,1.8,28.0,16.0,25.0
2020-05-15,16.1,11.9,11.0,0.0,2.4,0.2,1.3,1.9,2.4,63.0,92.0,97.0
2020-05-16,16.6,20.0,14.1,0.0,0.0,0.0,0.6,1.1,3.0,83.0,65.0,99.0
2020-05-17,17.1,25.5,20.8,0.0,0.0,0.0,0.7,1.0,3.0,80.0,37.0,73.0
2020-05-18,14.1,19.3,14.9,0.0,0.0,0.0,0.8,2.3,1.9,94.0,61.0,86.0
2020-05-19,10.3,12.4,8.5,0.0,0.0,0.2,1.6,1.7,2.2,78.0,68.0,77.0
2020-05-20,7.9,9.4,8.7,0.0,0.0,0.0,2.0,2.7,2.5,77.0,71.0,80.0
2020-05-21,8.7,15.7,12.2,0.0,0.0,0.0,0.8,1.9,1.7,75.0,54.0,78.0
2020-05-22,9.9,18.8,13.5,0.0,0.0,0.0,0.6,3.0,2.6,92.0,53.0,86.0
2020-05-23,11.6,22.4,20.4,0.0,0.0,0.0,1.6,2.2,2.8,86.0,39.0,44.0
2020-05-24,18.4,18.5,19.5,0.0,0.0,0.0,3.8,3.8,1.8,69.0,68.0,55.0
2020-05-25,17.2,21.4,19.6,0.0,0.0,0.0,1.0,0.5,0.7,63.0,45.0,49.0
2020-05-26,13.5,22.8,16.9,0.0,0.0,0.0,0.4,2.1,2.1,81.0,32.0,52.0
2020-05-27,14.4,19.2,18.2,0.0,0.0,0.0,0.8,2.1,1.4,56.0,46.0,50.0
2020-05-28,16.6,19.8,15.8,0.0,0.0,0.0,0.7,0.9,1.1,57.0,34.0,66.0
2020-05-29,13.7,21.4,19.0,0.0,0.0,0.0,0.5,3.1,1.0,74.0,43.0,55.0
2020-05-30,15.0,24.7,21.8,0.0,0.0,0.0,0.5,2.3,1.5,71.0,29.0,46.0
2020-05-31,15.7,25.2,22.3,0.0,0.0,0.0,0.6,2.5,4.3,72.0,27.0,52.0
2020-06-01,16.8,20.2,20.2,0.0,0.0,0.0,2.7,1.8,0.7,72.0,44.0,40.0
2020-06-02,17.4,23.3,20.8,0.0,0.0,0.0,0.3,1.5,4.7,48.0,25.0,32.0
2020-06-03,18.8,23.0,24.6,0.0,0.0,0.0,1.2,2.1,3.3,65.0,42.0,50.0
2020-06-04,21.0,26.5,25.7,0.0,0.0,0.0,2.8,2.8,1.3,62.0,45.0,43.0
2020-06-05,21.4,27.2,17.9,0.0,0.0,0.0,1.9,2.7,2.2,60.0,28.0,82.0
2020-06-06,17.4,22.7,19.7,0.0,0.0,0.0,0.5,2.1,2.2,75.0,43.0,46.0
2020-06-07,16.0,26.0,25.7,0.0,0.0,0.0,0.4,2.3,1.7,59.0,42.0,48.0
2020-06-08,22.5,29.5,29.2,0.0,0.0,0.0,1.1,2.1,1.1,68.0,41.0,45.0
2020-06-09,22.1,32.1,29.7,0.0,0.0,0.0,0.4,2.5,2.0,66.0,21.0,40.0
2020-06-10,22.5,29.9,26.9,0.0,0.0,0.0,0.6,1.6,1.7,70.0,36.0,55.0
2020-06-11,22.3,25.6,24.9,0.0,0.0,0.0,1.6,2.8,2.1,77.0,67.0,61.0
2020-06-12,21.4,26.6,22.8,0.0,0.0,0.0,0.2,1.8,1.3,82.0,59.0,85.0
2020-06-13,18.3,26.5,27.0,0.0,0.0,0.0,0.3,1.3,2.3,86.0,41.0,59.0
2020-06-14,22.5,23.0,24.0,0.0,0.0,0.0,1.7,1.1,1.3,90.0,78.0,60.0
2020-06-15,21.7,24.8,23.2,0.0,0.0,0.0,1.1,1.7,1.4,50.0,41.0,48.0
2020-06-16,19.6,25.0,21.6,0.0,0.0,0.0,0.5,1.6,0.9,61.0,47.0,54.0
2020-06-17,19.4,25.3,23.5,0.0,0.0,0.0,0.6,2.4,2.4,70.0,49.0,51.0
2020-06-18,18.6,22.3,18.6,0.0,0.0,0.0,0.1,1.3,2.1,79.0,65.0,79.0
2020-06-19,15.8,18.2,16.1,0.0,0.0,0.0,1.0,3.4,2.5,94.0,82.0,96.0
2020-06-20,16.9,25.1,20.7,0.0,0.0,0.0,1.2,1.9,1.9,84.0,53.0,80.0
2020-06-21,19.2,25.4,24.3,0.0,0.0,0.0,1.0,2.4,1.3,85.0,51.0,61.0
2020-06-22,21.7,28.6,28.3,0.0,0.0,0.0,0.3,2.0,1.2,72.0,40.0,32.0
2020-06-23,21.8,29.9,27.1,0.0,0.0,0.0,0.4,3.2,2.5,64.0,24.0,28.0
2020-06-24,19.9,20.0,18.5,0.0,0.0,0.0,0.3,1.1,3.2,53.0,74.0,76.0
2020-06-25,19.4,23.6,20.3,0.0,0.0,0.0,1.3,2.8,2.3,99.0,69.0,92.0
2020-06-26,18.8,20.4,21.3,0.0,0.0,0.0,2.2,1.4,2.7,82.0,70.0,65.0
2020-06-27,20.8,20.4,24.2,0.0,0.0,0.0,1.2,1.3,2.6,63.0,79.0,59.0
2020-06-28,20.4,24.2,19.2,0.0,0.0,0.0,1.6,2.8,1.0,71.0,58.0,92.0
2020-06-29,18.2,23.1,21.2,0.0,0.0,0.0,0.6,3.4,3.2,90.0,64.0,70.0
2020-06-30,17.7,20.7,17.1,1.1,0.0,0.0,0.5,2.9,4.0,99.0,80.0,84.0
2020-07-01,15.9,16.3,18.2,0.0,0.0,0.0,1.9,1.5,2.1,82.0,85.0,81.0
2020-07-02,16.0,22.7,22.3,0.0,0.0,0.0,0.5,1.1,2.3,82.0,53.0,63.0
2020-07-03,17.8,20.7,17.9,0.0,0.0,0.0,0.0,1.4,1.1,82.0,60.0,59.0
2020-07-04,15.2,20.7,22.2,0.0,0.0,0.0,1.4,2.2,1.8,85.0,59.0,58.0
2020-07-05,19.1,23.5,23.2,0.0,0.0,0.0,0.5,1.8,2.3,80.0,56.0,60.0
2020-07-06,18.4,25.1,22.1,0.0,0.0,0.0,0.4,1.2,1.1,79.0,58.0,78.0
2020-07-07,22.4,26.3,23.9,0.0,0.0,0.0,2.2,2.5,1.3,68.0,54.0,61.0
2020-07-08,21.4,24.4,22.0,0.0,0.0,0.0,0.4,3.5,2.0,73.0,62.0,84.0
2020-07-09,20.3,23.1,21.0,0.0,0.0,0.0,0.6,3.6,1.7,81.0,76.0,87.0
2020-07-10,18.1,18.5,19.7,0.6,0.2,0.0,2.0,1.9,2.2,99.0,99.0,99.0
2020-07-11,19.2,18.7,17.3,0.0,0.0,0.0,2.1,1.8,1.3,93.0,95.0,99.0
2020-07-12,17.3,20.2,17.1,0.0,0.0,0.0,0.9,1.8,2.0,94.0,80.0,90.0
2020-07-13,14.8,15.8,15.6,5.0,4.1,1.7,2.4,3.3,2.6,97.0,97.0,99.0
2020-07-14,14.3,15.3,15.2,3.8,0.2,0.2,2.2,2.9,1.7,98.0,96.0,97.0
2020-07-15,14.3,15.1,16.6,0.0,0.0,0.0,1.7,1.4,1.9,97.0,93.0,90.0
2020-07-16,16.6,23.7,21.9,0.0,0.0,0.0,0.4,1.7,2.0,82.0,51.0,58.0
2020-07-17,17.4,24.9,22.7,0.0,0.0,0.0,0.5,2.0,2.8,75.0,53.0,61.0
2020-07-18,17.1,25.3,21.6,0.0,0.0,0.0,0.4,1.5,1.5,88.0,42.0,78.0
2020-07-19,14.5,22.4,21.9,0.0,0.0,0.0,0.2,3.1,3.9,83.0,72.0,90.0
2020-07-20,23.6,24.1,22.9,0.2,0.0,0.0,2.6,5.4,1.7,87.0,77.0,76.0
2020-07-21,21.8,25.4,23.1,0.0,0.0,0.0,1.2,2.1,1.5,73.0,59.0,74.0
2020-07-22,19.2,24.3,21.8,0.0,0.0,0.0,0.7,2.1,1.9,88.0,74.0,84.0
2020-07-23,18.1,19.3,17.7,1.5,0.0,4.7,0.2,1.4,1.5,99.0,89.0,95.0
2020-07-24,16.1,18.4,18.5,2.0,0.2,1.1,1.9,1.6,2.3,99.0,98.0,97.0
2020-07-25,18.2,19.1,18.6,4.3,0.8,0.0,1.4,2.6,1.7,99.0,97.0,99.0
2020-07-26,19.3,21.9,18.5,0.0,0.0,4.1,0.4,2.8,1.7,98.0,83.0,99.0
2020-07-27,18.9,19.9,18.3,0.0,0.0,0.1,0.4,2.7,1.8,97.0,93.0,99.0
2020-07-28,17.9,19.9,20.3,0.1,0.0,0.0,0.1,0.5,1.2,99.0,95.0,99.0
2020-07-29,18.2,20.6,20.0,1.9,0.5,0.0,0.2,1.7,0.6,99.0,97.0,99.0
2020-07-30,19.9,20.8,23.3,0.4,0.0,0.0,5.0,2.4,0.4,99.0,93.0,75.0
2020-07-31,22.8,28.1,25.3,0.0,0.0,0.0,0.7,3.1,0.9,74.0,48.0,68.0
2020-08-01,21.4,24.9,24.7,0.0,0.0,0.0,0.7,1.6,2.2,94.0,71.0,70.0
2020-08-02,20.6,23.1,23.5,0.1,0.0,0.1,1.5,2.2,2.1,99.0,88.0,86.0
2020-08-03,22.7,24.2,22.6,0.0,0.0,0.0,2.4,2.6,1.5,82.0,78.0,79.0
2020-08-04,23.8,25.0,23.8,0.0,0.0,0.9,2.0,2.8,0.6,75.0,73.0,94.0
2020-08-05,22.7,24.4,22.9,0.0,0.0,0.0,1.4,1.7,1.1,91.0,81.0,94.0
2020-08-06,22.5,23.1,21.7,2.2,2.4,2.4,5.0,3.5,0.5,90.0,91.0,99.0
2020-08-07,20.7,21.9,19.5,0.0,0.0,1.0,0.3,0.6,0.5,88.0,87.0,99.0
2020-08-08,19.2,19.8,19.1,0.0,0.1,0.0,0.0,1.7,0.7,99.0,97.0,99.0
2020-08-09,21.5,24.2,25.1,2.1,0.0,0.0,5.5,5.0,2.0,87.0,69.0,75.0
2020-08-10,23.8,23.4,22.1,0.0,1.4,2.8,2.2,1.4,0.8,85.0,99.0,99.0
2020-08-11,24.0,21.8,23.4,0.0,13.9,0.0,2.5,1.5,2.0,81.0,99.0,77.0
2020-08-12,25.3,28.7,25.8,0.0,0.0,0.0,1.0,1.3,0.6,75.0,62.0,75.0
2020-08-13,25.0,28.9,27.0,0.0,0.0,0.0,1.6,2.7,2.1,78.0,59.0,72.0
2020-08-14,25.5,28.0,27.1,0.0,0.0,0.0,2.1,4.4,2.5,71.0,64.0,69.0
2020-08-15,25.3,25.6,24.9,0.0,0.0,0.0,2.7,2.3,1.2,75.0,73.0,89.0
2020-08-16,24.6,25.0,26.1,0.0,0.0,0.0,3.1,3.2,0.5,64.0,69.0,69.0
2020-08-17,24.3,28.9,28.1,0.0,0.0,0.0,2.1,2.4,0.8,71.0,56.0,66.0
2020-08-18,21.8,30.8,28.1,0.0,0.0,0.0,0.6,0.9,0.4,89.0,42.0,58.0
2020-08-19,25.3,31.1,27.8,0.0,0.0,0.0,1.9,3.8,0.5,61.0,42.0,54.0
2020-08-20,21.6,30.7,23.2,0.0,0.0,0.0,0.5,0.9,1.6,75.0,42.0,90.0
2020-08-21,22.1,26.0,19.5,0.0,0.0,0.0,1.0,3.9,2.8,88.0,76.0,98.0
2020-08-22,20.6,26.4,24.2,0.0,0.0,0.0,0.8,1.6,1.3,94.0,70.0,79.0
2020-08-23,19.0,24.7,23.5,0.0,0.0,0.0,0.2,1.1,0.4,99.0,57.0,71.0
2020-08-24,19.4,26.9,25.5,0.0,0.0,0.0,0.4,2.0,0.8,85.0,60.0,66.0
2020-08-25,23.9,29.7,27.6,0.0,0.0,0.0,1.3,3.4,1.2,79.0,50.0,65.0
2020-08-26,22.6,26.1,24.2,0.0,0.0,0.0,0.2,1.0,2.1,89.0,72.0,78.0
2020-08-27,23.6,26.1,24.7,0.0,0.0,0.0,3.2,5.2,1.0,87.0,73.0,90.0
2020-08-28,25.5,25.9,26.3,0.0,0.0,0.0,1.4,0.6,1.2,79.0,83.0,85.0
2020-08-29,24.4,27.0,24.5,0.0,0.0,0.0,1.8,0.8,1.1,84.0,67.0,92.0
2020-08-30,22.0,22.1,21.2,0.0,0.0,0.0,0.6,3.3,1.3,99.0,99.0,96.0
2020-08-31,19.6,20.9,19.2,0.1,0.0,0.0,2.0,2.0,1.4,99.0,89.0,94.0
2020-09-01,18.5,24.8,23.4,0.0,0.0,0.0,0.4,2.4,1.8,93.0,70.0,86.0
2020-09-02,20.9,21.3,21.0,0.5,1.3,4.9,0.6,1.0,0.0,99.0,99.0,99.0
2020-09-03,21.3,19.6,20.6,1.3,0.0,0.0,7.2,5.0,3.2,88.0,73.0,63.0
2020-09-04,18.5,23.0,21.3,0.0,0.0,0.0,3.6,3.5,0.3,67.0,44.0,59.0
2020-09-05,14.9,20.7,16.4,0.0,0.0,0.0,0.1,1.4,0.2,93.0,61.0,84.0
2020-09-06,14.7,14.5,14.1,0.0,0.0,2.5,0.5,0.7,3.6,89.0,96.0,90.0
2020-09-07,15.3,19.8,18.0,25.0,14.5,0.0,1.9,4.3,4.0,99.0,96.0,84.0
2020-09-08,19.0,20.7,20.1,0.0,0.0,0.0,4.3,2.9,1.3,73.0,62.0,67.0
2020-09-09,18.4,21.6,20.3,0.0,0.0,0.0,2.6,2.4,2.3,68.0,61.0,70.0
2020-09-10,18.7,21.6,19.9,0.0,0.0,0.0,2.1,2.3,0.4,71.0,52.0,68.0
2020-09-11,15.5,18.3,16.0,0.0,0.0,0.0,0.2,1.3,2.6,91.0,81.0,81.0
2020-09-12,14.5,15.5,14.8,4.5,1.5,1.2,3.9,4.6,5.0,92.0,98.0,96.0
2020-09-13,12.9,16.2,14.9,0.0,0.1,0.0,2.3,2.0,2.3,99.0,88.0,99.0
2020-09-14,16.4,21.6,18.7,0.0,0.0,0.0,0.4,2.7,0.6,88.0,54.0,71.0
2020-09-15,14.3,23.0,19.1,0.0,0.0,0.0,0.2,0.6,0.6,91.0,54.0,84.0
2020-09-16,16.7,22.9,17.7,0.0,0.0,0.0,0.9,3.1,1.0,96.0,53.0,92.0
2020-09-17,15.2,18.1,18.1,0.0,0.0,0.0,0.5,0.7,1.0,98.0,78.0,74.0
2020-09-18,15.4,18.4,17.4,0.0,0.0,0.0,0.6,1.4,1.8,69.0,53.0,60.0
2020-09-19,14.5,17.6,16.5,0.0,0.0,0.0,0.4,2.4,2.3,78.0,50.0,57.0
2020-09-20,14.6,18.5,15.2,0.0,0.0,0.0,1.1,1.9,0.8,54.0,41.0,45.0
2020-09-21,9.1,17.6,14.1,0.0,0.0,0.0,0.2,1.0,2.1,86.0,44.0,82.0
2020-09-22,11.7,13.9,12.8,0.0,0.0,0.0,0.1,2.5,1.9,90.0,85.0,83.0
2020-09-23,12.3,14.4,13.1,0.0,0.0,0.2,1.6,3.0,1.9,91.0,77.0,95.0
2020-09-24,12.8,14.3,13.4,0.0,0.0,0.7,0.5,2.5,2.1,99.0,92.0,94.0
2020-09-25,14.3,14.0,13.5,1.4,1.2,0.0,4.1,4.0,3.2,97.0,93.0,86.0
2020-09-26,13.1,13.8,13.2,0.0,0.0,1.4,3.0,3.2,1.9,88.0,82.0,96.0
2020-09-27,12.6,15.6,12.8,0.0,0.0,0.0,2.4,2.6,1.0,90.0,73.0,80.0
2020-09-28,7.4,19.4,16.6,0.0,0.0,0.0,0.4,2.5,0.8,90.0,49.0,81.0
2020-09-29,9.7,19.3,15.5,0.0,0.0,0.0,0.3,1.5,0.4,97.0,43.0,74.0
2020-09-30,10.8,17.7,14.4,0.0,0.0,0.0,0.3,2.6,1.4,90.0,58.0,74.0
2020-10-01,12.1,15.9,13.9,0.0,0.0,0.0,1.3,1.4,1.9,99.0,77.0,92.0
2020-10-02,15.4,20.0,17.4,0.0,0.0,0.0,1.3,2.3,1.5,80.0,55.0,64.0
2020-10-03,12.9,15.8,16.0,0.0,0.1,0.0,0.6,2.6,1.3,96.0,94.0,82.0
2020-10-04,14.8,18.6,14.6,0.0,0.0,0.0,0.9,5.2,2.1,78.0,40.0,62.0
2020-10-05,8.4,13.6,10.6,0.0,0.0,0.0,1.7,1.5,0.1,52.0,35.0,56.0
2020-10-06,4.5,16.1,10.1,0.0,0.0,0.0,0.2,1.7,1.7,89.0,20.0,75.0
2020-10-07,6.4,11.7,10.8,0.0,0.0,0.0,1.0,1.7,1.1,82.0,78.0,90.0
2020-10-08,10.8,13.9,11.1,0.0,0.0,0.0,3.0,5.4,2.6,88.0,57.0,73.0
2020-10-09,11.4,13.2,11.3,0.0,0.0,0.0,2.6,4.0,1.7,76.0,68.0,81.0
2020-10-10,10.6,10.8,10.8,0.0,0.0,0.0,1.6,1.8,2.3,86.0,84.0,82.0
2020-10-11,7.5,16.2,12.5,0.0,0.0,0.0,0.2,0.8,0.4,94.0,61.0,88.0
2020-10-12,10.9,17.1,13.6,0.0,0.0,0.0,0.3,2.1,1.2,91.0,49.0,78.0
2020-10-13,6.2,15.3,10.8,0.0,0.0,0.0,0.3,2.6,2.0,98.0,46.0,85.0
2020-10-14,10.0,13.5,10.2,0.0,0.0,0.0,0.5,1.1,0.9,66.0,49.0,69.0
2020-10-15,4.9,12.7,9.8,0.0,0.0,0.0,0.5,1.8,0.4,77.0,58.0,82.0
2020-10-16,4.3,14.6,11.1,0.0,0.0,0.0,0.4,2.7,0.9,88.0,29.0,53.0
2020-10-17,6.0,15.7,9.8,0.0,0.0,0.0,0.3,1.4,1.4,91.0,33.0,85.0
2020-10-18,2.2,16.2,11.1,0.0,0.0,0.0,0.2,1.0,0.1,91.0,27.0,59.0
2020-10-19,3.8,17.4,10.9,0.0,0.0,0.0,0.2,0.8,0.9,94.0,33.0,81.0
2020-10-20,3.7,17.6,12.3,0.0,0.0,0.0,0.2,0.8,0.3,95.0,37.0,69.0
2020-10-21,4.1,14.2,11.9,0.0,0.0,0.0,0.3,1.8,1.1,89.0,59.0,65.0
2020-10-22,6.8,16.4,12.2,0.0,0.0,0.0,0.3,1.7,0.1,93.0,48.0,67.0
2020-10-23,4.2,10.8,7.2,0.0,0.0,0.0,2.3,1.6,0.9,58.0,24.0,45.0
2020-10-24,2.9,9.1,6.9,0.0,0.0,0.0,1.2,3.1,1.3,45.0,24.0,34.0
2020-10-25,8.1,13.8,11.7,0.0,0.0,0.0,1.8,3.0,0.8,39.0,22.0,37.0
2020-10-26,1.2,16.8,10.6,0.0,0.0,0.0,0.3,1.3,0.3,82.0,25.0,65.0
2020-10-27,2.5,17.6,12.6,0.0,0.0,0.0,0.1,0.9,0.9,94.0,27.0,62.0
2020-10-28,10.8,16.4,11.5,0.0,0.0,0.0,1.1,1.6,0.5,68.0,29.0,40.0
2020-10-29,0.3,14.6,7.6,0.0,0.0,0.0,0.2,1.3,1.8,77.0,31.0,63.0
2020-10-30,3.6,10.4,7.6,0.0,0.0,0.0,0.2,2.0,1.0,80.0,63.0,79.0
2020-10-31,1.5,12.5,10.2,0.0,0.0,0.0,0.3,3.0,0.8,99.0,44.0,56.0
2020-11-01,9.1,9.8,10.3,0.0,0.0,0.0,0.8,3.2,3.4,68.0,80.0,75.0
2020-11-02,7.7,11.8,8.7,0.0,0.0,0.0,0.8,1.3,0.5,56.0,25.0,29.0
2020-11-03,2.3,4.0,1.6,0.0,0.0,0.0,1.3,2.7,1.5,38.0,21.0,35.0
2020-11-04,-2.3,5.5,4.3,0.0,0.0,0.0,0.3,1.3,1.2,40.0,15.0,21.0
2020-11-05,-0.4,14.1,10.6,0.0,0.0,0.0,0.1,1.5,0.2,71.0,22.0,30.0
2020-11-06,9.4,16.2,11.3,0.0,0.0,0.0,0.6,2.4,2.2,36.0,12.0,63.0
2020-11-07,11.6,15.8,11.1,0.0,0.0,0.0,2.9,2.1,0.5,69.0,45.0,37.0
2020-11-08,6.7,12.0,6.7,0.0,0.0,0.0,1.0,1.7,1.2,59.0,30.0,17.0
2020-11-09,-0.9,5.9,4.2,0.0,0.0,0.0,1.7,2.4,1.3,41.0,16.0,35.0
2020-11-10,-1.2,8.2,5.3,0.0,0.0,0.0,0.2,1.6,0.1,70.0,20.0,34.0
2020-11-11,-1.9,12.3,7.7,0.0,0.0,0.0,0.0,1.4,0.2,73.0,22.0,45.0
2020-11-12,-1.3,15.2,8.7,0.0,0.0,0.0,0.0,2.6,0.4,81.0,23.0,36.0
2020-11-13,5.8,15.0,9.7,0.0,0.0,0.0,1.1,1.4,0.4,46.0,34.0,70.0
2020-11-14,2.4,12.9,8.8,0.0,0.0,0.0,0.4,1.8,0.2,92.0,52.0,65.0
2020-11-15,0.8,12.4,10.7,0.0,0.0,0.0,0.1,2.2,0.8,96.0,51.0,57.0
2020-11-16,2.8,14.0,10.2,0.0,0.0,0.0,0.3,1.6,2.3,71.0,45.0,84.0
2020-11-17,9.4,15.2,13.8,0.0,0.0,0.0,0.2,3.3,1.5,93.0,60.0,77.0
2020-11-18,14.0,17.4,15.9,0.0,0.0,0.0,1.7,3.4,3.3,87.0,66.0,72.0
2020-11-19,17.9,17.9,12.5,0.0,1.1,0.0,4.9,5.9,3.7,76.0,82.0,67.0
2020-11-20,4.4,6.2,2.4,0.0,0.0,0.0,1.9,1.8,1.1,75.0,62.0,68.0
2020-11-21,3.2,4.8,4.6,0.0,0.0,0.0,0.4,1.5,0.9,77.0,70.0,78.0
2020-11-22,5.9,5.6,4.1,0.0,0.0,0.0,1.2,2.6,0.8,89.0,86.0,65.0
2020-11-23,-2.1,6.8,2.1,0.0,0.0,0.0,0.7,2.0,1.3,83.0,31.0,38.0
2020-11-24,-1.1,6.0,5.6,0.0,0.0,0.0,0.0,1.2,1.0,65.0,30.0,65.0
2020-11-25,-1.6,7.9,2.8,0.0,0.0,0.0,0.0,1.7,1.6,68.0,24.0,61.0
2020-11-26,-1.0,7.7,4.6,0.0,0.0,0.0,0.1,1.0,1.2,76.0,44.0,69.0
2020-11-27,4.1,6.3,1.7,0.0,0.0,0.0,2.7,2.8,1.4,59.0,44.0,57.0
2020-11-28,-3.8,0.9,-1.1,0.0,0.0,0.0,2.4,2.4,0.7,66.0,33.0,38.0
2020-11-29,-4.8,0.6,-1.8,0.0,0.0,0.0,1.0,1.6,0.9,66.0,45.0,58.0
2020-11-30,-3.6,1.7,-1.3,0.0,0.0,0.0,1.9,1.4,0.4,42.0,20.0,43.0
2020-12-01,-7.6,4.9,-0.4,0.0,0.0,0.0,0.0,0.8,0.2,66.0,14.0,48.0
2020-12-02,-1.3,3.9,1.1,0.0,0.0,0.0,0.0,0.5,1.0,55.0,40.0,65.0
2020-12-03,-0.5,2.4,-0.5,0.0,0.0,0.0,0.8,0.7,0.6,43.0,23.0,32.0
2020-12-04,-9.0,2.8,-0.8,0.0,0.0,0.0,0.0,3.3,0.8,72.0,21.0,30.0
2020-12-05,-3.1,1.4,0.6,0.0,0.0,0.0,1.0,4.7,1.0,66.0,49.0,58.0
2020-12-06,-0.6,4.3,1.9,0.0,0.0,0.0,2.7,1.5,1.6,59.0,42.0,56.0
2020-12-07,2.1,3.9,0.7,0.0,0.0,0.0,0.7,1.2,1.1,67.0,54.0,53.0
2020-12-08,-6.7,3.9,-0.9,0.0,0.0,0.0,0.3,1.2,0.5,60.0,54.0,30.0
2020-12-09,-9.3,5.3,-0.1,0.0,0.0,0.0,0.0,3.1,0.3,68.0,13.0,31.0
2020-12-10,1.2,5.8,3.4,0.0,0.0,0.0,1.4,1.6,1.7,77.0,55.0,64.0
2020-12-11,2.0,4.1,2.8,0.0,0.0,0.0,1.7,0.9,0.9,65.0,50.0,58.0
2020-12-12,-0.9,2.4,0.4,0.0,0.0,0.0,1.5,2.4,0.2,62.0,34.0,34.0
2020-12-13,-4.5,-1.7,-1.2,0.0,0.7,0.0,0.4,3.7,2.0,72.0,91.0,65.0
2020-12-14,-10.9,-7.6,-10.1,0.0,0.0,0.0,0.5,1.9,0.8,50.0,32.0,36.0
2020-12-15,-12.8,-7.6,-10.0,0.0,0.0,0.0,0.7,0.9,0.9,30.0,19.0,33.0
2020-12-16,-11.5,-7.7,-9.0,0.0,0.0,0.0,1.2,3.7,1.7,23.0,22.0,25.0
2020-12-17,-8.3,-2.2,-5.6,0.0,0.0,0.0,2.3,1.5,2.2,18.0,15.0,33.0
2020-12-18,-2.5,-1.0,-3.8,0.0,0.0,0.0,2.7,1.5,0.3,80.0,67.0,54.0
2020-12-19,-10.7,-3.7,-6.0,0.0,0.0,0.0,0.4,2.2,1.4,64.0,19.0,26.0
2020-12-20,-10.0,-1.2,-4.6,0.0,0.0,0.0,0.9,1.7,1.3,68.0,26.0,38.0
2020-12-21,-4.8,0.5,-2.2,0.0,0.0,0.0,1.5,1.2,0.5,58.0,32.0,54.0
2020-12-22,-2.4,1.2,-0.8,0.0,0.0,0.0,1.5,2.7,1.1,71.0,55.0,63.0
2020-12-23,-0.4,3.0,2.7,0.0,0.0,0.0,2.1,2.2,4.4,69.0,60.0,65.0
2020-12-24,2.7,4.0,-0.8,0.0,0.0,0.0,3.0,2.5,1.0,66.0,36.0,39.0
2020-12-25,-6.6,-2.1,-3.2,0.0,0.0,0.0,1.4,2.0,1.3,53.0,32.0,41.0
2020-12-26,-1.7,1.1,0.0,0.0,0.0,0.0,1.0,1.6,0.6,67.0,60.0,60.0
2020-12-27,0.0,5.8,3.6,0.0,0.0,0.0,0.3,0.7,2.1,72.0,37.0,46.0
2020-12-28,0.4,7.0,2.4,0.0,0.0,0.0,0.0,0.8,0.0,78.0,48.0,50.0
2020-12-29,-3.6,6.7,1.4,0.0,0.0,0.0,0.2,1.0,0.3,86.0,42.0,76.0
2020-12-30,-11.7,-9.3,-12.1,0.0,0.0,0.0,1.5,2.6,0.7,61.0,32.0,38.0
2020-12-31,-13.0,-8.7,-7.9,0.0,0.0,0.0,1.6,2.7,1.5,37.0,35.0,56.0
2021-01-01,-8.3,-3.1,-5.2,0.0,0.0,0.0,1.7,2.2,0.9,43.0,45.0,54.0
2021-01-02,-7.4,-3.6,-6.5,0.0,0.0,0.0,0.7,2.1,0.3,41.0,18.0,31.0
2021-01-03,-10.0,-5.3,-5.4,0.0,0.0,0.0,0.4,1.5,0.9,33.0,23.0,36.0
2021-01-04,-8.6,-0.1,-1.8,0.0,0.0,0.0,0.4,0.8,0.9,36.0,21.0,53.0
2021-01-05,-4.4,-3.0,-6.7,0.0,0.0,0.0,1.3,1.9,0.6,63.0,40.0,30.0
2021-01-06,-12.0,-7.0,-7.8,0.0,0.0,0.0,1.3,1.9,2.2,30.0,24.0,22.0
2021-01-07,-17.6,-15.3,-16.3,0.0,0.0,0.0,1.4,3.0,1.3,40.0,35.0,36.0
2021-01-08,-17.3,-13.3,-14.3,0.0,0.0,0.0,1.6,3.6,1.6,39.0,34.0,36.0
2021-01-09,-14.3,-11.4,-12.3,0.0,0.0,0.0,0.9,2.5,1.0,36.0,40.0,44.0
2021-01-10,-11.6,-6.7,-7.1,0.0,0.0,0.0,2.5,1.9,1.1,41.0,35.0,56.0
2021-01-11,-14.0,-5.9,-6.1,0.0,0.0,0.0,0.2,1.0,1.4,80.0,46.0,36.0
2021-01-12,-10.9,-2.2,-3.9,0.0,0.0,0.0,0.4,1.9,1.5,65.0,44.0,60.0
2021-01-13,-2.1,2.6,3.1,0.0,0.0,0.0,1.6,2.8,2.9,74.0,55.0,53.0
2021-01-14,-5.3,5.3,1.4,0.0,0.0,0.0,0.0,0.6,0.0,68.0,16.0,55.0
2021-01-15,5.0,7.7,7.0,0.0,0.0,0.0,3.8,7.1,4.3,69.0,58.0,63.0
2021-01-16,-3.8,-1.3,-5.2,0.0,0.0,0.0,0.6,2.1,0.6,66.0,37.0,48.0
2021-01-17,-11.8,-6.3,-7.2,0.0,0.0,0.0,1.5,2.1,1.3,49.0,25.0,47.0
2021-01-18,-6.2,-4.8,-5.7,0.0,0.0,0.6,2.5,3.4,3.2,71.0,84.0,57.0
2021-01-19,-16.4,-3.9,-4.9,0.0,0.0,0.0,0.1,0.5,0.3,78.0,17.0,47.0
2021-01-20,-12.5,4.8,2.3,0.0,0.0,0.0,0.0,0.4,2.1,83.0,28.0,29.0
2021-01-21,0.6,7.0,5.4,0.0,0.0,0.0,1.4,1.9,2.8,74.0,54.0,70.0
2021-01-22,2.4,6.3,4.3,0.0,0.0,0.0,0.2,0.2,0.6,99.0,84.0,96.0
2021-01-23,2.4,0.9,0.0,0.0,0.7,0.0,1.5,2.3,1.6,99.0,98.0,99.0
2021-01-24,0.3,2.2,0.7,0.0,0.1,0.0,0.3,0.0,0.7,97.0,96.0,96.0
2021-01-25,-4.2,6.1,4.0,0.0,0.0,0.0,0.3,0.6,0.8,98.0,63.0,76.0
2021-01-26,0.1,2.6,3.2,0.0,0.0,0.0,0.2,1.4,2.7,88.0,93.0,80.0
2021-01-27,-1.2,2.2,1.0,0.0,0.0,0.0,0.5,1.1,0.4,56.0,31.0,55.0
2021-01-28,-4.6,3.5,-6.6,0.0,0.0,0.0,0.9,4.4,3.1,72.0,30.0,31.0
2021-01-29,-14.4,-9.0,-8.1,0.0,0.0,0.0,2.6,4.8,1.8,39.0,24.0,33.0
2021-01-30,-3.1,-0.1,-0.6,0.0,0.0,0.0,3.3,2.5,1.6,79.0,81.0,47.0
2021-01-31,-9.3,5.2,2.8,0.0,0.0,0.0,0.0,3.7,1.5,81.0,24.0,36.0
2021-02-01,4.4,6.5,5.2,0.0,0.0,0.0,2.3,2.4,1.7,88.0,56.0,64.0
2021-02-02,-8.0,-4.6,-7.1,0.0,0.0,0.0,1.0,2.5,2.0,31.0,21.0,32.0
2021-02-03,-9.4,-3.8,-4.1,0.0,0.0,0.0,1.6,2.2,1.8,32.0,22.0,36.0
2021-02-04,-5.5,-1.9,-2.5,0.0,0.0,0.0,2.3,2.5,1.3,36.0,25.0,32.0
2021-02-05,-3.7,2.7,2.1,0.0,0.0,0.0,1.5,1.9,2.2,70.0,30.0,26.0
2021-02-06,1.1,5.1,5.1,0.0,0.0,0.0,2.6,3.6,1.0,76.0,61.0,55.0
2021-02-07,2.1,6.7,3.6,0.0,0.0,0.0,0.9,3.1,2.1,72.0,34.0,47.0
2021-02-08,-6.5,-2.1,-3.8,0.0,0.0,0.0,0.1,1.6,0.9,47.0,31.0,28.0
2021-02-09,-7.8,0.1,-0.4,0.0,0.0,0.0,0.9,2.0,1.2,44.0,28.0,32.0
2021-02-10,-2.1,2.5,1.5,0.0,0.0,0.0,1.9,1.2,1.0,52.0,46.0,57.0
2021-02-11,-5.0,8.4,7.8,0.0,0.0,0.0,0.0,1.2,1.3,86.0,27.0,32.0
2021-02-12,-2.3,12.2,9.8,0.0,0.0,0.0,0.0,1.0,0.7,67.0,15.0,21.0
2021-02-13,-4.0,12.4,9.2,0.0,0.0,0.0,0.4,0.8,1.7,65.0,14.0,40.0
2021-02-14,0.9,9.8,9.8,0.0,0.0,0.0,0.9,1.2,1.6,63.0,59.0,56.0
2021-02-15,4.2,3.6,-3.1,0.0,0.0,0.0,2.1,3.2,3.3,80.0,76.0,54.0
2021-02-16,-6.6,-5.5,-7.7,0.0,0.0,0.0,1.2,2.5,1.4,41.0,51.0,69.0
2021-02-17,-13.5,-9.4,-10.3,0.0,0.0,0.0,2.3,2.8,2.0,53.0,37.0,39.0
2021-02-18,-13.9,-5.8,-6.0,0.0,0.0,0.0,1.2,2.5,2.5,60.0,35.0,41.0
2021-02-19,-3.6,4.3,2.8,0.0,0.0,0.0,2.8,3.0,3.2,36.0,29.0,52.0
2021-02-20,5.2,10.4,9.0,0.0,0.0,0.0,2.3,1.8,0.4,66.0,36.0,31.0
2021-02-21,8.7,14.1,15.0,0.0,0.0,0.0,1.6,3.2,2.0,54.0,37.0,25.0
2021-02-22,10.0,14.5,10.6,0.0,0.0,0.0,1.1,2.0,1.8,44.0,38.0,32.0
2021-02-23,-3.8,3.6,2.5,0.0,0.0,0.0,0.0,3.0,1.1,65.0,12.0,21.0
2021-02-24,-4.3,4.2,0.3,0.0,0.0,0.0,0.1,1.6,1.4,58.0,39.0,70.0
2021-02-25,0.3,6.9,6.1,0.0,0.0,0.0,0.5,0.8,2.0,55.0,31.0,42.0
2021-02-26,1.4,4.4,3.6,0.0,0.0,0.0,0.7,2.7,0.9,82.0,60.0,56.0
2021-02-27,0.7,0.9,0.9,0.0,0.0,0.0,2.0,1.5,0.5,96.0,87.0,73.0
2021-02-28,-5.6,12.3,9.4,0.0,0.0,0.0,0.4,4.6,1.2,90.0,17.0,38.0
2021-03-01,3.2,3.6,-1.5,0.0,8.6,13.4,0.6,1.9,3.8,96.0,97.0,90.0
2021-03-02,-3.5,-3.6,-3.8,0.0,0.1,0.0,1.5,3.7,1.5,85.0,87.0,91.0
2021-03-03,-8.9,3.3,2.9,0.0,0.0,0.0,0.3,1.7,1.5,91.0,54.0,53.0
2021-03-04,1.1,6.0,6.2,0.0,0.0,0.0,1.0,1.6,0.9,71.0,53.0,52.0
2021-03-05,-1.7,14.4,10.8,0.0,0.0,0.0,0.1,0.6,0.5,99.0,19.0,38.0
2021-03-06,-0.3,-1.7,-2.9,0.0,0.0,0.0,3.6,2.7,1.2,91.0,86.0,93.0
2021-03-07,-1.6,3.2,4.0,0.0,0.0,0.0,0.6,0.9,1.8,83.0,66.0,73.0
2021-03-08,-2.1,6.9,3.2,0.0,0.0,0.0,0.2,1.3,1.8,92.0,41.0,83.0
2021-03-09,-1.0,9.5,9.2,0.0,0.0,0.0,0.2,0.9,1.6,95.0,34.0,40.0
2021-03-10,2.7,7.4,7.7,0.0,0.0,0.0,1.1,1.0,1.6,66.0,47.0,58.0
2021-03-11,-0.9,13.1,12.3,0.0,0.0,0.0,0.2,1.0,0.6,88.0,21.0,28.0
2021-03-12,5.1,4.2,3.5,0.0,2.9,1.3,0.9,0.6,4.4,79.0,97.0,85.0
2021-03-13,1.1,8.0,5.1,0.0,0.0,0.0,0.7,2.6,2.2,90.0,57.0,75.0
2021-03-14,1.1,9.8,8.1,0.0,0.0,0.0,0.3,0.6,1.0,95.0,47.0,69.0
2021-03-15,0.2,11.8,11.3,0.0,0.0,0.0,0.2,5.1,2.6,95.0,39.0,47.0
2021-03-16,8.6,13.4,11.2,0.0,0.0,0.0,1.2,1.4,2.0,62.0,26.0,21.0
2021-03-17,0.4,10.4,7.6,0.0,0.0,0.0,0.2,2.3,2.1,66.0,38.0,74.0
2021-03-18,2.5,8.8,6.4,0.0,0.0,0.0,0.3,2.0,2.4,98.0,62.0,79.0
2021-03-19,3.9,6.5,6.2,0.0,0.0,0.0,0.2,1.7,1.2,82.0,71.0,77.0
2021-03-20,4.1,5.8,7.0,0.0,0.0,0.0,0.1,0.5,0.3,80.0,93.0,90.0
2021-03-21,4.6,4.0,2.9,0.0,0.0,0.0,0.9,2.8,1.5,71.0,58.0,53.0
2021-03-22,-0.7,4.3,4.6,0.0,0.0,0.0,1.1,2.5,0.9,52.0,29.0,36.0
2021-03-23,5.2,10.8,11.0,0.0,0.0,0.0,0.8,3.5,2.5,25.0,22.0,25.0
2021-03-24,6.1,12.3,11.5,0.0,0.0,0.0,0.6,2.9,1.0,42.0,12.0,18.0
2021-03-25,5.3,14.3,14.0,0.0,0.0,0.0,0.2,1.1,1.3,50.0,26.0,33.0
2021-03-26,4.9,17.5,13.8,0.0,0.0,0.0,0.2,1.6,0.8,48.0,13.0,41.0
2021-03-27,10.7,13.9,10.2,0.0,0.0,6.2,2.1,3.8,1.9,28.0,25.0,94.0
2021-03-28,10.8,9.4,9.3,0.0,0.0,0.0,2.3,4.4,2.5,73.0,78.0,68.0
2021-03-29,7.4,11.8,9.9,0.0,0.0,0.0,2.1,3.0,2.6,55.0,33.0,34.0
2021-03-30,4.1,12.8,13.8,0.0,0.0,0.0,0.6,1.2,0.8,44.0,19.0,20.0
2021-03-31,3.8,16.6,12.6,0.0,0.0,0.0,0.3,0.8,2.1,60.0,19.0,45.0
2021-04-01,4.7,13.0,9.7,0.0,0.0,0.0,0.2,2.7,1.8,62.0,35.0,45.0
2021-04-02,4.6,13.4,12.4,0.0,0.0,0.0,0.1,3.2,1.7,86.0,44.0,65.0
2021-04-03,11.3,16.5,8.3,0.0,0.0,7.1,0.6,2.9,2.3,80.0,62.0,95.0
2021-04-04,3.7,2.7,3.0,1.0,0.0,0.0,3.6,3.3,3.5,94.0,93.0,68.0
2021-04-05,3.0,9.4,8.7,0.0,0.0,0.0,0.2,2.2,2.5,65.0,33.0,36.0
2021-04-06,5.6,14.5,13.5,0.0,0.0,0.0,0.1,1.6,0.9,67.0,25.0,27.0
2021-04-07,8.5,15.0,14.0,0.0,0.0,0.0,0.7,5.3,2.4,61.0,24.0,28.0
2021-04-08,4.4,9.8,9.5,0.0,0.0,0.0,3.5,2.7,3.4,90.0,54.0,66.0
2021-04-09,3.3,4.9,3.9,0.4,0.0,0.0,3.2,2.4,0.8,88.0,65.0,68.0
2021-04-10,0.0,12.8,10.5,0.0,0.0,0.0,0.5,1.3,2.7,84.0,22.0,53.0
2021-04-11,3.8,15.7,13.9,0.0,0.0,0.0,0.1,1.4,0.7,80.0,30.0,52.0
2021-04-12,8.6,12.9,9.9,0.0,0.0,1.8,0.3,3.2,3.4,62.0,41.0,90.0
2021-04-13,11.8,11.8,10.9,0.0,0.0,0.0,3.2,1.8,1.6,79.0,67.0,44.0
2021-04-14,3.9,9.7,9.9,0.0,0.0,0.0,0.6,2.2,1.5,52.0,23.0,27.0
2021-04-15,5.0,12.9,12.4,0.0,0.0,0.0,1.2,0.7,2.9,48.0,24.0,28.0
2021-04-16,8.2,13.8,9.9,0.0,0.0,0.0,2.1,3.4,2.6,54.0,38.0,69.0
2021-04-17,5.5,13.7,6.2,0.0,0.0,0.0,0.3,2.0,1.8,61.0,24.0,55.0
2021-04-18,4.8,9.6,10.4,0.0,0.0,0.0,1.7,2.6,1.5,64.0,40.0,38.0
2021-04-19,10.1,15.8,15.5,0.0,0.0,0.0,1.3,1.8,1.3,30.0,27.0,28.0
2021-04-20,15.3,21.3,17.9,0.0,0.0,0.0,1.0,3.7,0.7,20.0,21.0,44.0
2021-04-21,11.9,23.0,18.5,0.0,0.0,0.0,0.3,2.2,1.7,53.0,22.0,44.0
2021-04-22,12.6,20.4,18.9,0.0,0.0,0.0,0.2,2.7,2.2,61.0,36.0,25.0
2021-04-23,11.3,13.6,10.2,0.0,0.0,0.0,0.3,2.0,1.3,42.0,56.0,73.0
2021-04-24,9.0,16.3,12.6,0.0,0.0,0.0,0.2,2.3,2.2,71.0,35.0,74.0
2021-04-25,5.8,9.8,9.2,0.0,0.0,0.0,1.8,4.6,2.4,83.0,42.0,54.0
2021-04-26,6.2,15.7,15.3,0.0,0.0,0.0,0.4,1.5,2.4,49.0,20.0,27.0
2021-04-27,10.5,18.1,15.2,0.0,0.0,0.0,0.6,1.4,2.9,61.0,35.0,46.0
2021-04-28,12.7,15.5,14.6,0.0,0.0,0.0,1.7,1.6,1.1,42.0,28.0,29.0
2021-04-29,9.2,13.5,8.8,0.0,0.0,0.0,1.6,2.8,2.4,62.0,53.0,80.0
2021-04-30,5.9,7.3,9.4,0.1,0.0,0.0,1.7,1.4,0.6,88.0,78.0,65.0
2021-05-01,4.9,6.8,7.4,2.6,0.0,0.0,1.2,0.6,1.5,96.0,80.0,71.0
2021-05-02,5.4,12.0,11.3,0.0,0.0,0.0,0.7,4.3,0.7,86.0,47.0,52.0
2021-05-03,11.4,17.8,15.8,0.0,0.0,0.0,0.9,2.7,2.7,41.0,23.0,23.0
2021-05-04,15.1,18.6,16.5,0.0,0.0,0.0,2.3,5.4,3.5,32.0,55.0,65.0
2021-05-05,13.6,15.6,13.2,0.0,0.0,0.0,2.0,2.8,4.0,36.0,34.0,34.0
2021-05-06,14.6,19.0,16.7,0.0,0.0,0.0,1.6,3.6,1.8,26.0,25.0,37.0
2021-05-07,15.5,16.1,13.1,0.0,0.0,0.0,4.3,5.5,2.9,45.0,53.0,43.0
2021-05-08,11.4,17.2,16.6,0.0,0.0,0.0,3.6,3.2,2.2,44.0,29.0,39.0
2021-05-09,11.7,16.0,15.3,0.0,0.0,0.0,2.0,4.3,2.3,48.0,28.0,28.0
2021-05-10,8.8,10.9,10.1,0.0,0.0,0.0,1.6,1.5,1.3,66.0,60.0,84.0
2021-05-11,10.2,18.0,15.7,0.0,0.0,0.0,0.2,1.6,1.5,58.0,27.0,34.0
2021-05-12,11.6,19.0,17.0,0.0,0.0,0.0,0.4,1.6,1.8,51.0,30.0,59.0
2021-05-13,14.3,23.3,19.8,0.0,0.0,0.0,0.2,3.5,1.2,68.0,39.0,57.0
2021-05-14,15.3,24.0,22.2,0.0,0.0,0.0,0.1,2.7,0.8,79.0,45.0,59.0
2021-05-15,14.8,18.1,20.0,0.0,1.6,0.0,0.1,1.0,1.6,90.0,97.0,83.0
2021-05-16,14.2,14.2,9.5,4.7,1.9,7.6,0.6,1.5,2.1,98.0,97.0,95.0
2021-05-17,10.0,10.9,11.1,0.0,0.1,0.0,1.0,2.0,1.4,99.0,96.0,95.0
2021-05-18,13.5,17.7,18.4,0.0,0.0,0.0,0.3,0.9,1.4,92.0,56.0,50.0
2021-05-19,17.2,24.6,22.3,0.0,0.0,0.0,0.2,1.6,0.8,64.0,26.0,37.0
2021-05-20,12.9,16.8,12.7,0.0,0.0,0.0,0.2,2.5,2.2,82.0,51.0,76.0
2021-05-21,11.3,11.9,10.8,0.0,0.0,0.0,2.4,1.9,2.3,97.0,85.0,92.0
2021-05-22,16.3,21.5,21.0,0.0,0.0,0.0,1.2,1.1,0.8,58.0,46.0,57.0
2021-05-23,18.9,25.9,20.6,0.0,0.0,0.0,0.7,0.9,0.5,62.0,28.0,47.0
2021-05-24,16.4,18.0,19.0,0.0,0.0,0.0,1.9,0.5,1.0,55.0,59.0,37.0
2021-05-25,10.0,11.8,12.9,0.4,0.0,0.0,3.6,3.2,1.8,67.0,69.0,49.0
2021-05-26,10.8,15.9,16.6,0.0,0.0,0.0,0.3,4.3,4.1,50.0,33.0,49.0
2021-05-27,13.8,15.7,15.4,0.0,0.0,0.0,2.0,3.9,1.6,69.0,68.0,65.0
2021-05-28,13.3,9.3,13.6,0.0,3.0,0.0,0.9,1.7,1.2,58.0,87.0,72.0
2021-05-29,13.7,17.2,13.5,0.0,0.0,0.0,1.8,3.8,0.9,64.0,42.0,70.0
2021-05-30,13.4,21.4,17.7,0.0,0.0,0.0,0.4,1.4,2.7,65.0,33.0,53.0
2021-05-31,15.8,17.0,13.3,0.0,0.0,0.0,1.4,0.9,1.3,80.0,74.0,96.0
2021-06-01,17.1,22.1,20.3,0.0,0.0,0.0,1.5,2.6,1.1,80.0,56.0,55.0
2021-06-02,17.9,26.1,24.2,0.0,0.0,0.0,0.5,2.8,2.7,70.0,26.0,31.0
2021-06-03,17.6,16.0,16.3,0.0,0.1,1.7,0.8,2.4,1.9,69.0,87.0,94.0
2021-06-04,12.9,19.5,18.6,0.0,0.0,0.0,1.3,2.7,2.8,72.0,42.0,48.0
2021-06-05,17.1,19.0,21.6,0.0,0.0,0.0,2.4,3.3,2.8,55.0,64.0,38.0
2021-06-06,18.4,23.9,22.2,0.0,0.0,0.0,0.6,1.2,1.0,64.0,40.0,57.0
2021-06-07,21.3,23.2,22.1,0.0,0.0,0.0,1.5,2.1,3.5,51.0,42.0,48.0
2021-06-08,19.4,23.5,20.6,0.0,0.0,0.0,0.3,2.3,0.4,65.0,49.0,74.0
2021-06-09,19.4,26.0,23.1,0.0,0.0,0.0,0.4,1.2,1.8,76.0,55.0,77.0
2021-06-10,18.8,26.1,23.5,0.0,0.0,0.0,0.4,3.3,1.3,79.0,37.0,52.0
2021-06-11,16.5,17.8,20.9,0.0,0.0,0.0,3.5,2.0,1.9,86.0,90.0,75.0
2021-06-12,17.8,24.3,22.1,0.0,0.0,0.0,0.1,1.0,2.7,87.0,57.0,69.0
2021-06-13,19.6,25.0,22.4,0.0,0.0,0.0,0.2,3.5,2.2,82.0,45.0,48.0
2021-06-14,18.0,21.6,18.7,0.0,0.0,0.0,0.4,2.6,2.3,74.0,63.0,84.0
2021-06-15,17.0,18.0,17.3,0.0,0.0,0.0,1.6,0.6,2.2,95.0,85.0,89.0
2021-06-16,14.7,14.7,14.2,0.3,0.1,0.1,3.0,3.7,2.2,96.0,94.0,96.0
2021-06-17,13.7,17.8,19.1,0.0,0.0,0.0,0.4,2.2,1.2,93.0,82.0,78.0
2021-06-18,18.1,20.9,19.2,0.0,0.0,0.0,2.0,1.6,1.0,82.0,73.0,83.0
2021-06-19,18.7,23.7,20.1,0.0,0.0,0.0,1.0,1.5,1.9,63.0,45.0,66.0
2021-06-20,16.3,26.3,24.2,0.0,0.0,0.0,0.2,2.0,1.7,82.0,29.0,42.0
2021-06-21,19.5,19.8,14.6,0.0,0.0,0.0,0.7,5.6,2.9,67.0,72.0,96.0
2021-06-22,14.9,14.3,13.8,0.0,0.0,0.8,0.3,1.2,1.8,91.0,96.0,97.0
2021-06-23,13.8,15.2,14.8,0.0,0.0,0.0,1.0,1.2,1.4,93.0,91.0,94.0
2021-06-24,16.5,15.2,17.7,0.0,0.0,2.7,0.5,1.2,0.6,88.0,52.0,93.0
2021-06-25,17.2,23.0,19.3,0.0,0.0,0.0,0.6,1.7,0.3,88.0,63.0,81.0
2021-06-26,17.5,22.7,18.7,0.0,0.0,0.0,0.3,1.8,0.8,92.0,52.0,84.0
2021-06-27,17.2,22.9,18.0,0.0,0.0,0.4,0.1,1.6,0.1,87.0,64.0,89.0
2021-06-28,16.7,18.6,18.3,0.0,0.0,0.0,0.0,2.6,1.2,87.0,82.0,89.0
2021-06-29,17.2,22.4,19.2,0.0,0.0,0.0,0.4,1.7,1.4,87.0,59.0,89.0
2021-06-30,18.7,18.8,21.4,0.0,0.8,0.0,0.6,1.9,0.8,89.0,93.0,78.0
2021-07-01,18.3,25.5,21.6,0.0,0.0,0.0,0.5,3.3,2.2,93.0,54.0,79.0
2021-07-02,17.9,20.7,20.2,0.0,0.0,0.0,0.1,2.6,2.5,85.0,71.0,73.0
2021-07-03,17.7,18.1,17.0,0.0,0.3,4.8,1.3,0.8,0.8,92.0,95.0,96.0
2021-07-04,23.7,21.7,21.7,0.0,0.0,0.0,3.4,2.6,1.8,72.0,84.0,81.0
2021-07-05,19.7,25.5,22.9,0.0,0.0,0.0,2.1,5.0,0.8,73.0,46.0,64.0
2021-07-06,20.3,24.2,24.7,0.0,0.0,0.0,0.6,2.0,1.9,79.0,61.0,70.0
2021-07-07,18.7,24.1,23.0,0.0,0.0,0.0,0.6,0.8,1.0,94.0,70.0,86.0
2021-07-08,19.1,23.6,22.5,0.0,0.0,0.0,0.3,2.8,2.6,88.0,68.0,80.0
2021-07-09,19.4,21.9,21.9,0.0,0.0,0.0,0.5,0.8,1.7,89.0,78.0,85.0
2021-07-10,20.2,21.9,23.1,0.0,2.1,0.0,0.3,1.1,1.5,91.0,87.0,73.0
2021-07-11,24.0,24.1,23.8,0.0,0.0,0.0,1.7,0.9,0.7,72.0,74.0,75.0
2021-07-12,23.6,28.8,26.2,0.0,0.0,0.0,0.5,2.0,1.8,75.0,54.0,72.0
2021-07-13,23.1,29.4,26.5,0.0,0.0,0.0,0.5,2.7,2.0,81.0,61.0,75.0
2021-07-14,23.8,29.2,27.4,0.0,0.0,0.0,0.7,2.9,0.8,81.0,64.0,70.0
2021-07-15,22.6,27.7,25.0,0.0,0.0,0.0,0.3,2.8,1.1,91.0,74.0,70.0
2021-07-16,22.0,26.9,23.4,0.0,0.0,0.0,0.4,2.8,1.3,81.0,65.0,74.0
2021-07-17,19.7,23.4,24.4,0.0,0.0,0.0,0.1,1.5,1.2,94.0,76.0,72.0
2021-07-18,22.4,26.0,22.5,0.0,0.0,0.2,0.3,2.0,0.2,79.0,63.0,95.0
2021-07-19,20.0,26.5,25.3,0.0,0.0,0.0,0.1,1.8,0.9,89.0,63.0,80.0
2021-07-20,22.0,27.9,25.7,0.0,0.0,0.0,0.3,2.2,2.0,82.0,62.0,80.0
2021-07-21,19.6,27.9,25.4,0.0,0.0,0.0,0.5,2.4,2.7,86.0,54.0,71.0
2021-07-22,21.3,26.8,25.3,0.0,0.0,0.0,0.4,2.8,1.6,79.0,63.0,78.0
2021-07-23,21.2,30.0,27.0,0.0,0.0,0.0,0.6,1.9,0.7,74.0,48.0,71.0
2021-07-24,18.9,27.6,26.4,0.0,0.0,0.0,0.3,0.6,1.7,77.0,52.0,79.0
2021-07-25,21.9,28.7,25.0,0.0,0.0,0.0,0.4,1.4,1.6,78.0,58.0,85.0
2021-07-26,21.3,27.7,25.8,0.0,0.0,0.0,0.5,1.5,1.9,75.0,61.0,81.0
2021-07-27,20.4,27.6,24.8,0.0,0.0,0.0,0.2,2.1,2.6,82.0,59.0,72.0
2021-07-28,21.4,28.0,24.7,0.0,0.0,0.0,0.4,1.6,1.8,77.0,62.0,78.0
2021-07-29,22.4,29.2,26.1,0.0,0.0,0.0,0.5,2.6,0.8,82.0,54.0,80.0
2021-07-30,23.1,32.1,25.1,0.0,0.0,0.0,0.2,1.1,1.2,84.0,45.0,88.0
2021-07-31,23.8,29.2,24.7,0.0,0.0,0.2,0.3,2.0,1.8,86.0,58.0,89.0
2021-08-01,24.3,21.7,22.9,0.0,33.5,1.3,0.6,3.9,0.0,84.0,95.0,97.0
2021-08-02,22.6,27.5,26.2,0.0,0.0,0.0,0.3,1.6,0.5,96.0,68.0,76.0
2021-08-03,22.0,27.8,27.6,0.0,0.0,0.0,0.4,1.2,0.8,93.0,68.0,69.0
2021-08-04,23.7,30.5,27.5,0.0,0.0,0.0,0.5,2.7,2.2,83.0,48.0,65.0
2021-08-05,24.2,29.0,28.3,0.0,0.0,0.0,0.2,1.1,1.8,82.0,60.0,71.0
2021-08-06,23.5,29.3,22.1,0.0,0.0,0.3,0.3,1.3,0.5,84.0,62.0,92.0
2021-08-07,21.4,29.3,22.7,0.0,0.0,0.0,0.1,1.5,0.6,95.0,67.0,82.0
2021-08-08,21.8,24.1,20.0,0.0,0.0,0.4,0.5,1.4,1.6,90.0,79.0,90.0
2021-08-09,19.3,20.8,20.1,0.1,0.2,0.0,4.0,4.2,2.8,88.0,87.0,89.0
2021-08-10,19.1,23.0,23.4,0.0,0.0,0.0,0.7,2.7,2.2,82.0,71.0,71.0
2021-08-11,20.1,26.1,20.3,0.0,0.0,0.0,0.1,2.7,1.6,88.0,64.0,89.0
2021-08-12,19.5,24.0,21.5,0.0,0.0,0.0,0.1,1.7,1.4,92.0,76.0,87.0
2021-08-13,19.8,22.4,20.7,0.0,0.0,0.0,0.3,2.2,2.2,91.0,78.0,83.0
2021-08-14,18.8,19.4,18.0,0.0,2.3,0.4,0.7,1.2,3.6,95.0,94.0,91.0
2021-08-15,17.8,18.1,17.4,0.0,0.0,0.0,1.7,1.6,1.7,92.0,92.0,97.0
2021-08-16,17.5,19.6,19.0,0.0,0.0,0.0,0.1,1.5,2.3,92.0,80.0,82.0
2021-08-17,17.5,18.8,17.7,2.3,3.4,0.1,1.8,3.0,3.0,97.0,92.0,90.0
2021-08-18,17.6,19.8,18.5,0.1,0.2,0.0,2.7,2.7,3.0,88.0,86.0,89.0
2021-08-19,16.9,17.4,17.7,0.1,2.6,0.0,2.0,2.7,1.4,96.0,93.0,93.0
2021-08-20,16.2,24.2,23.8,0.0,0.0,0.0,0.1,2.8,1.6,99.0,65.0,65.0
2021-08-21,20.7,19.4,20.9,0.0,6.5,1.9,1.9,2.0,2.2,86.0,96.0,95.0
2021-08-22,20.2,22.3,20.8,0.0,0.0,0.0,2.5,2.2,2.7,74.0,64.0,70.0
2021-08-23,17.1,22.5,18.3,0.0,0.0,2.0,0.3,2.1,1.7,88.0,62.0,95.0
2021-08-24,18.5,20.0,23.3,0.2,4.6,0.0,0.1,0.7,3.9,99.0,97.0,83.0
2021-08-25,20.6,20.5,18.1,0.0,2.9,3.2,0.6,0.1,0.6,87.0,96.0,98.0
2021-08-26,19.8,24.2,23.0,0.0,0.0,0.0,0.2,2.4,1.4,97.0,59.0,71.0
2021-08-27,19.8,19.8,18.7,0.0,0.9,0.1,0.6,0.0,0.8,84.0,94.0,87.0
2021-08-28,18.1,25.1,21.6,0.0,0.0,0.0,0.2,1.9,1.5,83.0,43.0,65.0
2021-08-29,16.4,18.2,21.4,4.3,0.0,0.0,0.3,0.5,0.9,99.0,77.0,67.0
2021-08-30,17.7,25.2,20.8,0.0,0.0,0.0,0.3,1.4,0.7,80.0,46.0,71.0
2021-08-31,16.5,20.9,16.4,0.0,0.0,4.1,0.1,1.0,2.3,88.0,69.0,96.0
2021-09-01,15.5,17.1,16.9,12.2,1.0,0.8,0.1,0.9,2.2,99.0,97.0,96.0
2021-09-02,15.9,18.5,16.8,0.0,0.0,0.0,0.3,2.8,1.2,94.0,82.0,89.0
2021-09-03,15.8,18.9,17.0,0.0,0.0,0.0,1.0,2.2,2.0,89.0,74.0,79.0
2021-09-04,16.0,18.3,16.6,0.0,0.0,0.0,0.5,3.0,1.8,83.0,69.0,80.0
2021-09-05,15.2,18.2,17.3,0.4,0.0,0.0,1.2,3.1,1.6,95.0,80.0,82.0
2021-09-06,16.1,18.8,16.7,0.5,0.1,0.0,3.4,1.7,1.6,89.0,83.0,81.0
2021-09-07,15.2,17.5,20.5,3.2,0.2,0.0,1.8,2.1,0.9,98.0,95.0,87.0
2021-09-08,17.5,20.8,18.6,0.0,0.5,0.0,0.2,1.5,1.6,95.0,88.0,89.0
2021-09-09,13.4,24.5,22.2,0.0,0.0,0.0,0.1,1.4,1.8,99.0,49.0,72.0
2021-09-10,14.6,23.5,20.5,0.0,0.0,0.0,0.0,1.0,0.3,93.0,62.0,69.0
2021-09-11,16.3,25.9,21.0,0.0,0.0,0.0,0.2,1.0,1.0,87.0,38.0,75.0
2021-09-12,15.9,25.9,18.1,0.0,0.0,0.0,0.3,2.2,1.4,79.0,52.0,82.0
2021-09-13,17.7,20.8,18.5,0.0,0.0,0.0,0.4,1.2,0.5,83.0,72.0,80.0
2021-09-14,12.2,18.9,17.1,0.0,0.0,0.0,0.2,1.5,1.5,89.0,77.0,80.0
2021-09-15,16.2,18.2,15.7,0.0,0.0,0.0,2.9,1.8,1.5,86.0,77.0,78.0
2021-09-16,15.0,19.7,17.4,0.0,0.0,0.0,0.1,1.5,2.1,88.0,66.0,83.0
2021-09-17,13.9,14.9,14.4,5.6,0.3,0.1,1.7,1.5,2.5,97.0,95.0,92.0
2021-09-18,16.0,17.2,17.2,0.0,0.4,0.0,2.2,1.7,0.9,91.0,91.0,83.0
2021-09-19,13.1,19.2,17.2,0.0,0.0,0.0,0.6,1.5,1.1,97.0,67.0,88.0
2021-09-20,14.1,22.0,17.6,0.0,0.0,0.0,0.3,2.0,1.4,91.0,59.0,80.0
2021-09-21,19.8,20.5,19.5,0.0,0.7,0.0,2.4,4.5,1.1,85.0,85.0,77.0
2021-09-22,17.5,20.2,18.6,0.0,0.0,0.0,4.3,2.2,2.1,76.0,64.0,66.0
2021-09-23,15.2,18.1,16.0,0.0,0.0,0.0,1.7,2.5,0.4,72.0,58.0,69.0
2021-09-24,11.1,17.8,14.8,0.0,0.0,0.0,0.3,1.9,2.4,89.0,78.0,92.0
2021-09-25,15.7,16.8,15.2,0.0,0.0,0.0,1.7,0.9,0.0,89.0,89.0,91.0
2021-09-26,14.5,17.3,15.3,0.5,0.0,0.0,1.5,3.6,2.4,94.0,69.0,81.0
2021-09-27,14.3,18.5,14.7,0.0,0.0,0.0,0.2,1.9,1.7,89.0,69.0,91.0
2021-09-28,13.6,18.7,16.0,0.0,0.0,0.0,0.4,2.1,1.4,94.0,77.0,93.0
2021-09-29,18.2,20.1,18.7,0.3,0.0,0.0,1.6,4.8,0.3,92.0,84.0,94.0
2021-09-30,12.6,21.0,17.7,0.0,0.0,0.0,0.1,2.7,0.9,99.0,67.0,85.0
2021-10-01,10.7,23.0,16.9,0.0,0.0,0.0,0.4,1.2,1.4,91.0,38.0,88.0
2021-10-02,14.7,20.2,18.2,0.0,0.0,0.0,0.4,2.5,2.0,85.0,58.0,63.0
2021-10-03,12.0,26.2,21.1,0.0,0.0,0.0,0.0,4.5,1.9,92.0,24.0,46.0
2021-10-04,20.2,21.7,21.5,0.0,0.0,0.0,1.0,2.1,0.8,40.0,54.0,64.0
2021-10-05,19.9,24.6,20.5,0.0,0.0,0.0,1.3,1.0,1.0,67.0,48.0,64.0
2021-10-06,14.8,16.0,14.3,0.4,0.3,0.4,0.1,0.4,1.2,99.0,96.0,97.0
2021-10-07,18.3,18.5,17.2,0.0,0.0,0.0,1.2,2.8,0.2,85.0,80.0,85.0
2021-10-08,14.2,17.3,15.3,0.0,0.0,0.2,0.2,0.4,0.5,98.0,85.0,98.0
2021-10-09,15.7,17.6,17.4,0.8,0.1,0.1,0.1,0.6,0.0,99.0,95.0,97.0
2021-10-10,19.4,23.7,21.8,0.0,0.0,0.0,2.7,3.0,3.1,81.0,63.0,69.0
2021-10-11,12.0,10.4,10.7,3.5,0.1,0.1,0.8,2.6,0.1,95.0,94.0,97.0
2021-10-12,10.5,11.5,11.2,0.1,0.5,0.2,0.3,0.8,0.2,94.0,92.0,93.0
2021-10-13,12.0,14.7,12.8,0.0,0.0,0.0,1.0,1.9,0.8,96.0,84.0,92.0
2021-10-14,11.1,20.9,16.1,0.0,0.0,0.0,0.4,1.8,0.4,99.0,53.0,74.0
2021-10-15,13.3,13.4,13.5,0.0,0.0,1.0,0.5,0.8,1.8,94.0,94.0,95.0
2021-10-16,10.2,11.9,8.6,0.0,0.0,0.0,0.3,1.6,1.3,95.0,59.0,57.0
2021-10-17,-0.1,5.6,3.8,0.0,0.0,0.0,0.4,1.7,1.3,62.0,39.0,68.0
2021-10-18,-1.2,12.1,7.6,0.0,0.0,0.0,0.3,1.3,0.3,87.0,27.0,61.0
2021-10-19,6.8,10.0,5.9,0.0,0.0,0.0,1.0,1.4,2.0,72.0,57.0,88.0
2021-10-20,3.6,9.5,6.8,0.0,0.0,0.0,0.8,1.7,1.2,87.0,57.0,84.0
2021-10-21,0.2,11.6,7.2,0.0,0.0,0.0,0.4,2.3,0.1,99.0,42.0,88.0
2021-10-22,4.8,7.8,5.5,0.0,0.0,0.2,0.4,1.4,1.3,92.0,80.0,89.0
2021-10-23,0.6,13.0,7.9,0.0,0.0,0.0,0.1,0.9,0.3,99.0,40.0,61.0
2021-10-24,-0.2,14.0,7.9,0.0,0.0,0.0,0.1,2.5,0.1,96.0,22.0,52.0
2021-10-25,0.1,14.8,8.6,0.0,0.0,0.0,0.3,1.7,0.6,95.0,23.0,70.0
2021-10-26,0.1,16.5,10.8,0.0,0.0,0.0,0.3,1.3,0.0,96.0,26.0,60.0
2021-10-27,10.3,14.6,11.0,0.0,0.0,0.0,0.8,1.3,0.7,73.0,33.0,52.0
2021-10-28,1.6,12.7,9.6,0.0,0.0,0.0,0.3,3.2,2.4,81.0,47.0,70.0
2021-10-29,2.8,10.0,8.6,0.0,0.0,0.0,0.1,1.1,1.2,97.0,64.0,74.0
2021-10-30,3.0,13.2,10.8,0.0,0.0,0.0,0.1,1.9,0.2,96.0,50.0,71.0
2021-10-31,2.0,15.6,9.8,0.0,0.0,0.0,0.0,1.1,0.7,98.0,34.0,75.0
2021-11-01,6.7,13.5,9.4,0.0,0.0,0.0,0.3,1.2,0.4,86.0,42.0,54.0
2021-11-02,1.2,12.8,10.0,0.0,0.0,0.0,0.0,2.1,1.7,97.0,47.0,73.0
2021-11-03,7.0,12.0,9.1,0.0,0.0,0.0,0.0,0.8,0.1,98.0,64.0,86.0
2021-11-04,3.3,14.2,9.2,0.0,0.0,0.0,0.0,1.8,0.1,93.0,28.0,62.0
2021-11-05,0.9,15.0,10.8,0.0,0.0,0.0,0.2,1.4,0.1,97.0,35.0,74.0
2021-11-06,1.4,13.1,10.6,0.0,0.0,0.0,0.0,1.4,1.3,97.0,52.0,75.0
2021-11-07,5.1,12.4,9.8,0.0,0.0,0.0,0.1,1.1,0.2,96.0,71.0,69.0
2021-11-08,12.9,9.3,4.1,0.0,6.5,0.0,3.6,3.6,2.1,75.0,87.0,72.0
2021-11-09,1.3,3.6,3.2,0.0,0.0,0.0,2.0,3.4,1.9,75.0,71.0,74.0
2021-11-10,-0.5,2.4,1.2,0.0,0.0,0.0,2.2,2.6,2.1,66.0,61.0,66.0
2021-11-11,-0.5,3.6,2.1,0.0,0.0,0.0,1.7,2.7,1.7,61.0,51.0,61.0
2021-11-12,-1.8,3.8,0.8,0.0,0.0,0.0,1.6,2.6,0.3,60.0,37.0,48.0
2021-11-13,1.8,8.5,5.1,0.0,0.0,0.0,1.4,1.1,0.1,64.0,40.0,63.0
2021-11-14,6.6,8.5,8.3,0.0,0.0,0.0,3.0,1.6,2.0,75.0,66.0,61.0
2021-11-15,1.8,11.5,6.1,0.0,0.0,0.0,0.4,0.9,0.1,78.0,27.0,59.0
2021-11-16,0.5,10.3,5.2,0.0,0.0,0.0,0.1,2.3,0.0,83.0,27.0,50.0
2021-11-17,-4.5,9.3,5.7,0.0,0.0,0.0,0.0,1.0,0.4,88.0,24.0,42.0
2021-11-18,7.1,8.5,9.8,0.0,0.0,0.0,1.1,2.0,1.7,70.0,70.0,66.0
2021-11-19,9.2,12.8,9.5,0.0,0.0,0.0,2.1,2.0,0.2,67.0,52.0,65.0
2021-11-20,-0.3,13.5,8.6,0.0,0.0,0.0,0.0,1.1,0.8,97.0,48.0,78.0
2021-11-21,2.1,11.4,9.2,0.0,0.0,0.0,0.1,3.7,1.9,89.0,48.0,66.0
2021-11-22,2.0,2.0,-2.0,0.0,0.0,0.0,1.6,3.0,3.2,70.0,40.0,46.0
2021-11-23,-5.8,-0.9,-3.7,0.0,0.0,0.0,2.3,2.4,2.8,35.0,45.0,60.0
2021-11-24,-1.9,2.3,2.2,0.0,0.0,0.0,1.8,2.2,3.4,61.0,60.0,77.0
2021-11-25,3.5,6.6,3.2,0.0,0.0,0.0,2.2,2.6,1.1,69.0,46.0,45.0
2021-11-26,-1.0,3.6,1.0,0.0,0.0,0.0,2.1,1.5,1.3,42.0,34.0,56.0
2021-11-27,-7.2,5.3,0.0,0.0,0.0,0.0,0.0,2.6,0.5,82.0,20.0,54.0
2021-11-28,-6.8,10.4,3.9,0.0,0.0,0.0,0.0,1.8,0.3,81.0,16.0,31.0
2021-11-29,3.9,10.9,5.7,0.0,0.0,0.0,0.2,2.5,0.3,25.0,14.0,24.0
2021-11-30,3.7,7.3,4.7,0.0,8.3,0.0,0.8,2.4,4.4,74.0,94.0,74.0
2021-12-01,-6.7,-3.5,-5.8,0.0,0.0,0.0,1.8,1.7,2.6,56.0,40.0,41.0
2021-12-02,-5.0,0.9,-1.4,0.0,0.0,0.0,1.4,1.5,3.5,21.0,34.0,58.0
2021-12-03,0.0,2.2,-2.3,0.0,0.0,0.0,2.0,2.7,1.1,56.0,35.0,31.0
2021-12-04,-3.2,1.2,-0.3,0.0,0.0,0.0,1.3,1.9,0.4,46.0,33.0,37.0
2021-12-05,-8.0,5.4,0.4,0.0,0.0,0.0,0.0,2.9,0.3,82.0,51.0,66.0
2021-12-06,-6.0,8.4,3.8,0.0,0.0,0.0,0.2,2.1,0.0,86.0,45.0,61.0
2021-12-07,-3.7,7.4,3.3,0.0,0.0,1.4,0.0,3.2,2.6,86.0,55.0,91.0
2021-12-08,-1.4,6.4,1.6,0.0,0.0,0.0,0.1,1.0,0.4,93.0,58.0,73.0
2021-12-09,-5.4,5.9,4.7,0.0,0.0,0.0,0.0,0.5,0.2,92.0,59.0,73.0
2021-12-10,-0.5,10.1,6.3,0.0,0.0,0.0,0.5,3.3,1.3,96.0,57.0,84.0
2021-12-11,-0.6,8.5,5.9,0.0,0.0,0.0,0.0,2.3,0.6,95.0,47.0,54.0
2021-12-12,1.5,2.7,-1.3,0.0,0.0,0.0,1.6,2.0,0.6,53.0,46.0,41.0
2021-12-13,-8.6,2.4,-2.6,0.0,0.0,0.0,1.6,1.6,0.5,53.0,12.0,31.0
2021-12-14,-4.4,1.4,0.9,0.0,0.0,0.0,0.9,1.5,2.2,72.0,55.0,65.0
2021-12-15,3.4,4.1,4.0,0.0,0.0,0.0,2.0,2.0,1.5,75.0,81.0,68.0
2021-12-16,1.4,4.4,3.6,0.0,0.0,0.0,0.8,1.5,0.4,60.0,48.0,39.0
2021-12-17,-4.8,-4.9,-10.4,0.0,0.0,0.0,1.5,2.2,1.2,46.0,27.0,30.0
2021-12-18,-12.0,-6.2,-5.9,0.0,0.0,0.0,0.1,3.0,3.3,33.0,34.0,65.0
2021-12-19,-6.9,-2.7,-3.1,0.0,0.0,0.0,1.4,1.4,1.5,47.0,28.0,49.0
2021-12-20,1.4,4.4,3.9,0.0,0.0,0.0,2.0,3.0,2.0,75.0,58.0,63.0
2021-12-21,3.4,6.9,3.1,0.0,0.0,0.0,0.8,1.9,0.6,66.0,50.0,60.0
2021-12-22,-6.6,4.3,0.5,0.0,0.0,0.0,0.4,1.9,0.4,84.0,33.0,84.0
2021-12-23,-7.6,3.3,-0.6,0.0,0.0,0.0,0.1,2.1,0.3,80.0,40.0,57.0
2021-12-24,-3.8,5.3,0.5,0.0,0.0,0.0,0.0,0.6,1.7,80.0,50.0,72.0
2021-12-25,-9.3,-6.3,-11.7,0.0,0.0,0.0,1.5,1.6,1.7,69.0,22.0,31.0
2021-12-26,-15.4,-11.7,-12.4,0.0,0.0,0.0,1.7,1.3,1.8,30.0,24.0,30.0
2021-12-27,-12.4,-7.7,-5.8,0.0,0.0,0.0,1.4,3.1,2.7,35.0,31.0,65.0
2021-12-28,-7.1,0.0,-2.7,0.0,0.0,0.0,2.2,1.5,1.9,33.0,27.0,67.0
2021-12-29,-1.2,0.8,-0.2,0.0,0.0,0.0,3.1,2.6,3.4,76.0,67.0,61.0
2021-12-30,-8.8,-5.2,-6.9,0.0,0.0,0.0,1.5,3.2,2.6,60.0,32.0,47.0
2021-12-31,-12.3,-6.8,-8.3,0.0,0.0,0.0,1.8,2.4,1.2,35.0,21.0,25.0
